marker_id	contig	start	end	tier	blastn_identity	cai_score	gc_delta	srna_density	align_coverage	kmer_deviation	presence_pathogenic	presence_non_pathogenic	pangenome_score	anvio_cluster_score	cog_enrichment_score	mean_divergence	flank_conservation_2000bp	marker_score_2000bp	proportion_high_windows	proportion_mid_windows	tier_encoded	label	Cosine_Distance	Delta_CAI
MARKER_0001	NC_002695.2	1	327	MODERATE	100.0	0.649738250898746	7.380733944954123	0.4968553459119497	0.382	0.3724843478547245	1.0	1.0	0.0	0.2892	0.0	0.0	0.5	0.0	0.0	0.0	1	0	1.0	0.0
MARKER_0002	NC_002695.2	15911	18278	MODERATE	100.0	0.6380544761984789	2.14695945945946	0.4200932598558711	1.0	0.0803760753605964	0.9667	0.9667	0.0	0.0333	0.0	0.0	0.5	0.0	0.0	0.0	1	0	0.053298	-0.066178
MARKER_0003	NC_002695.2	23073	24412	MODERATE	100.0	0.5878052764916997	18.63432835820896	0.8091660405709993	1.0	0.2900562463579065	0.5667	0.3333	0.2333	0.2473	0.0	0.757071	0.807056	5.364392	1.0	0.0	1	0	0.363265	-0.207058
MARKER_0004	NC_002695.2	76063	80465	MODERATE	100.0	0.6618887159540383	5.416420622302979	0.2569412835685025	1.0	0.0620120940131295	1.0	0.9667	0.0333	0.0269	0.0	0.0	0.5	0.0	0.0	0.0	1	0	0.069257	-0.032639
MARKER_0005	NC_002695.2	133743	134103	MODERATE	100.0	0.6245160769383152	3.516620498614955	0.3039772727272727	1.0	0.3059824148098118	0.9667	1.0	-0.0333	-0.0323	0.0	0.0	0.5	0.0	0.0	0.0	1	0	0.062126	-0.1059
MARKER_0006	NC_002695.2	133743	134124	DIVERGED	100.0	0.622120938283148	4.473821989528794	0.2868632707774799	1.0	0.312384771295161	0.9667	1.0	-0.0333	-0.0323	0.0	0.0	0.5	0.0	0.0	0.0	2	1	0.062126	-0.1059
MARKER_0007	NC_002695.2	152066	152328	DIVERGED	100.0	0.5723702750727242	2.971482889733842	0.4173228346456692	0.853	0.3256258498649268	0.9667	1.0	-0.0333	-0.0323	0.0	0.958772	0.946301	8.356512	1.0	0.0	2	1	0.114553	-0.116272
MARKER_0008	NC_002695.2	152087	154367	MODERATE	100.0	0.5597547447490722	1.582419991231923	0.317781690140845	1.0	0.06440572579319	1.0	1.0	0.0	0.0484	0.0	0.958772	0.946301	8.356512	1.0	0.0	1	0	0.071658	-0.067538
MARKER_0009	NC_002695.2	155321	156183	MODERATE	100.0	0.582967806022301	5.0770567786790295	0.4707259953161593	0.863	0.1511359052304417	0.2	0.0	0.2	0.2151	0.0	0.958772	0.946301	8.356512	1.0	0.0	1	0	0.199824	-0.126132
MARKER_0010	NC_002695.2	160008	161312	DIVERGED	100.0	0.5842994434563871	4.293103448275865	0.4683641975308642	1.0	0.1102765197610619	0.2333	0.0333	0.2	0.2247	0.0	0.958772	0.946301	8.356512	1.0	0.0	2	1	0.122367	-0.032743
MARKER_0011	NC_002695.2	171665	172080	MODERATE	100.0	0.6143441230286255	2.663461538461533	0.4471744471744471	1.0	0.1886086761628153	0.9667	1.0	-0.0333	-0.0624	0.0	0.0	0.5	0.0	0.0	0.0	1	0	0.042822	0.037508
MARKER_0012	NC_002695.2	173193	173410	DIVERGED	100.0	0.8245236266412307	1.8761467889908232	0.4880382775119617	1.0	0.3328275651305183	0.9	0.9667	-0.0667	-0.0624	0.0	0.0	0.5	0.0	0.0	0.0	2	1	0.042822	0.037508
MARKER_0013	NC_002695.2	219508	220304	MODERATE	100.0	0.5815767774589247	1.6919698870765387	0.3895939086294416	1.0	0.1000647476516218	0.9667	1.0	-0.0333	-0.0323	0.0	0.0	0.5	0.0	0.0	0.0	1	0	0.11365	-0.080565
MARKER_0014	NC_002695.2	240756	241559	MODERATE	100.0	0.5353551803767487	9.828358208955224	0.5735849056603773	1.0	0.2073048726341418	0.7	0.8	-0.1	-0.0903	0.0	0.904968	0.85194	8.088568	1.0	0.0	1	0	0.164985	-0.123574
MARKER_0015	NC_002695.2	244723	246393	DIVERGED	100.0	0.6041939366051062	4.975763016157984	0.2581227436823105	1.0	0.1114635153433063	0.6333	0.2	0.4333	0.2538	0.4675	0.904968	0.85194	8.088568	1.0	0.0	2	1	0.05204	-0.051706
MARKER_0016	NC_002695.2	249846	253633	MODERATE	100.0	0.6212407536820908	9.346884899683204	0.1672400105848108	1.0	0.1116856789468806	0.5667	0.2	0.3667	0.2753	0.0	0.904968	0.85194	8.088568	1.0	0.0	1	0	0.080794	-0.058988
MARKER_0017	NC_002695.2	255759	257055	DIVERGED	100.0	0.6355169012859869	3.933307632999231	0.2717391304347826	1.0	0.1228126894083538	0.6	0.2	0.4	0.2853	0.4183	0.904968	0.85194	8.088568	1.0	0.0	2	1	0.072051	-0.024911
MARKER_0018	NC_002695.2	267085	270792	MODERATE	100.0	0.7002122634098629	13.658576051779932	0.1062449310624493	1.0	0.2304863245684668	0.4333	0.1667	0.2667	0.1269	0.0	0.904968	0.85194	8.088568	1.0	0.0	1	0	0.120615	-0.105771
MARKER_0019	NC_002695.2	272508	277289	MODERATE	100.0	0.632346396186988	6.020702634880806	0.5246176408967107	1.0	0.1060665204735404	0.4333	0.7333	-0.3	-0.2402	0.0	0.904968	0.85194	8.088568	1.0	0.0	1	0	0.328893	-0.140164
MARKER_0020	NC_002695.2	274701	275065	DIVERGED	100.0	0.7564783404574519	8.95205479452055	0.1853932584269663	1.0	0.2640724286396744	0.3667	0.7	-0.3333	-0.2441	0.0	0.904968	0.85194	8.088568	1.0	0.0	2	1	0.101281	-0.090644
MARKER_0021	NC_002695.2	282197	291570	MODERATE	100.0	0.6073949748978488	0.0199487945380809	0.3766150560597971	1.0	0.0195823199442087	1.0	1.0	0.0	-0.0779	0.0	0.745271	0.731486	3.766344	1.0	0.0	1	0	0.132673	-0.061146
MARKER_0022	NC_002695.2	300013	300230	MODERATE	100.0	0.622186986818568	6.463302752293572	0.4736842105263157	1.0	0.3927379310350283	1.0	0.9333	0.0667	0.2903	0.0	0.813709	0.651958	5.558259	1.0	0.0	1	0	0.208486	-0.2008
MARKER_0023	NC_002695.2	300991	301465	MODERATE	100.0	0.6273098909084153	5.44736842105263	0.4334763948497854	0.475	0.2464014696253352	0.4667	0.1333	0.3333	0.2258	0.0	0.813709	0.651958	5.558259	1.0	0.0	1	0	0.279837	-0.210009
MARKER_0024	NC_002695.2	301930	302968	MODERATE	100.0	0.5626884265942659	5.264196342637149	0.4679611650485437	1.0	0.1428927729201763	0.4	0.2333	0.1667	0.2027	0.0	0.813709	0.651958	5.558259	1.0	0.0	1	0	0.286637	-0.159886
MARKER_0025	NC_002695.2	304382	304806	MODERATE	100.0	0.5763013931363805	3.911764705882355	0.4879807692307692	0.533	0.1917040822649762	0.2667	0.0333	0.2333	0.2409	0.0	0.813709	0.651958	5.558259	1.0	0.0	1	0	0.169584	-0.106811
MARKER_0026	NC_002695.2	304902	306303	MODERATE	100.0	0.6321038193055416	1.5699001426533528	0.4099066762383345	1.0	0.078671053858201	0.5	0.7333	-0.2333	0.0455	0.0	0.813709	0.651958	5.558259	1.0	0.0	1	0	0.155083	-0.094459
MARKER_0027	NC_002695.2	305837	306193	DIVERGED	100.0	0.6720570268975318	1.040616246498594	0.3304597701149425	1.0	0.2121662359349662	0.5	0.7333	-0.2333	-0.0441	0.0	0.813709	0.651958	5.558259	1.0	0.0	2	1	0.175307	-0.089542
MARKER_0028	NC_002695.2	306749	307256	DIVERGED	100.0	0.6276895914055515	1.4842519685039337	0.4168336673346693	1.0	0.1774956905145364	0.5333	0.5333	0.0	0.1194	0.0	0.813709	0.651958	5.558259	1.0	0.0	2	1	0.168952	-0.168079
MARKER_0029	NC_002695.2	306763	308471	MODERATE	100.0	0.6205946680042483	5.2688706846108815	0.5288235294117647	1.0	0.0853214489771309	0.6333	0.6	0.0333	0.2079	0.0	0.813709	0.651958	5.558259	1.0	0.0	1	0	0.197472	-0.175585
MARKER_0030	NC_002695.2	309868	310322	MODERATE	100.0	0.6650969603758108	0.0494505494505475	0.358744394618834	0.46	0.2137109762492611	0.3	0.2667	0.0333	0.0581	0.0	0.813709	0.651958	5.558259	1.0	0.0	1	0	0.238962	-0.123993
MARKER_0031	NC_002695.2	310342	310645	MODERATE	100.0	0.546951314736664	4.776315789473685	0.4576271186440678	1.0	0.3034928619196323	0.6333	0.1333	0.5	0.0	0.0	0.813709	0.651958	5.558259	1.0	0.0	1	0	1.0	0.0
MARKER_0032	NC_002695.2	315450	315914	MODERATE	100.0	0.5945332626700791	0.1774193548387117	0.4166666666666667	1.0	0.1995362962036272	0.2	0.0	0.2	0.2258	0.0	0.813709	0.651958	5.558259	1.0	0.0	1	0	0.186333	-0.106643
MARKER_0033	NC_002695.2	318474	318862	DIVERGED	100.0	0.62792463163578	1.4280205655526998	0.3815789473684211	1.0	0.2426062253310131	0.2	0.0	0.2	0.1935	0.6946	0.813709	0.651958	5.558259	1.0	0.0	2	1	0.18625	-0.169336
MARKER_0034	NC_002695.2	352807	359427	MODERATE	100.0	0.6665639148544321	1.4288627095604909	0.3852087114337568	1.0	0.036683217674973	0.9333	0.8667	0.0667	0.264	0.0	0.752175	0.608877	3.900813	1.0	0.0	1	0	0.125964	-0.081074
MARKER_0035	NC_002695.2	367956	368187	MODERATE	100.0	0.5962802300449747	20.75862068965517	0.8654708520179372	1.0	0.4388713475274334	0.9333	0.9	0.0333	0.0688	0.0	0.767361	0.733013	4.844511	1.0	0.0	1	0	0.21384	-0.165548
MARKER_0036	NC_002695.2	368440	369427	MODERATE	100.0	0.4885907971925094	8.394736842105267	0.5587334014300307	1.0	0.1972185084573192	0.5333	0.2667	0.2667	0.2817	0.0	0.767361	0.733013	4.844511	1.0	0.0	1	0	0.073408	-0.069306
MARKER_0037	NC_002695.2	383848	394161	MODERATE	100.0	0.6589375097246659	2.0596276905177437	0.3226589034449296	1.0	0.0306421500116835	0.9667	0.9333	0.0333	0.0661	0.0	0.788968	0.730352	4.962839	1.0	0.0	1	0	0.125354	-0.033986
MARKER_0038	NC_002695.2	438118	446026	MODERATE	100.0	0.6122667855242441	3.501770135288908	0.2929113924050633	1.0	0.0471925608285889	0.2333	0.3667	-0.1333	0.0921	0.0	0.995775	0.857922	7.677845	1.0	0.0	1	0	0.066043	-0.024148
MARKER_0039	NC_002695.2	446097	452025	MODERATE	100.0	0.6064944644002627	1.2456569404621405	0.352027027027027	1.0	0.0304936712469379	1.0	1.0	0.0	0.0647	0.0	0.97349	0.775542	5.738925	1.0	0.0	1	0	0.067382	-0.001192
MARKER_0040	NC_002695.2	470323	470691	MODERATE	100.0	0.6476003295039784	2.803523035230356	0.4444444444444444	1.0	0.1999748343422873	0.9667	1.0	-0.0333	0.2414	0.0	0.0	0.5	0.0	0.0	0.0	1	0	0.176732	-0.111572
MARKER_0041	NC_002695.2	487974	488549	MODERATE	100.0	0.66501590970312	2.972222222222221	0.3139329805996472	1.0	0.1712269391508231	0.9667	1.0	-0.0333	0.0	0.0	0.0	0.5	0.0	0.0	0.0	1	0	0.0	0.0
MARKER_0042	NC_002695.2	583317	584236	MODERATE	100.0	0.5441293695716612	10.69565217391304	0.145993413830955	1.0	0.2156531624436549	0.2667	0.0	0.2667	0.2903	0.0	0.994762	0.912057	9.306597	1.0	0.0	1	0	0.072436	0.026639
MARKER_0043	NC_002695.2	584521	585734	MODERATE	100.0	0.6148301638446544	10.785008237232285	0.1676348547717842	1.0	0.2096559976359918	0.2667	0.0	0.2667	0.2903	0.0	0.994762	0.912057	9.306597	1.0	0.0	1	0	0.072436	0.026639
MARKER_0044	NC_002695.2	588978	589402	DIVERGED	100.0	0.5509794425244058	11.617647058823536	0.1538461538461538	1.0	0.3065472230521018	0.2667	0.0	0.2667	0.2903	0.0	0.994762	0.912057	9.306597	1.0	0.0	2	1	0.072436	0.026639
MARKER_0045	NC_002695.2	589365	606703	MODERATE	100.0	0.5521399902961541	8.747938174058476	0.1896133871898442	1.0	0.1198017208642827	0.9667	1.0	-0.0333	0.3078	0.515	0.994762	0.912057	9.306597	1.0	0.0	1	0	0.144603	-0.036905
MARKER_0046	NC_002695.2	617058	620822	MODERATE	100.0	0.7068714990957559	13.510624169986713	0.1035676251331203	1.0	0.2152275473679942	0.4333	0.6333	-0.2	-0.214	0.0	0.972806	0.625542	4.450727	1.0	0.0	1	0	0.094136	-0.12171
MARKER_0047	NC_002695.2	618669	620311	DIVERGED	100.0	0.7254980893522167	13.103164942178935	0.0881272949816401	1.0	0.2421412654064676	0.4333	0.6	-0.1667	-0.214	0.0	0.972806	0.625542	4.450727	1.0	0.0	2	1	0.094136	-0.12171
MARKER_0048	NC_002695.2	664591	665883	MODERATE	100.0	0.5735521953903054	10.051430781129156	0.6292834890965732	1.0	0.1716622775551786	0.7	0.7	0.0	-0.1538	0.0	0.886006	0.765526	6.341865	1.0	0.0	1	0	0.238863	-0.147031
MARKER_0049	NC_002695.2	668617	671248	MODERATE	100.0	0.6456104424233249	11.16413373860182	0.1406786122760198	1.0	0.1966134237972591	0.4333	0.1667	0.2667	0.286	0.6946	0.886006	0.765526	6.341865	1.0	0.0	1	0	0.083767	-0.078248
MARKER_0050	NC_002695.2	673864	674513	DIVERGED	100.0	0.6035742468929838	11.5	0.1591263650546021	0.65	0.2530854073871933	0.6667	0.2667	0.4	0.1183	0.0	0.886006	0.765526	6.341865	1.0	0.0	2	1	0.043425	-0.018182
MARKER_0051	NC_002695.2	675118	675939	MODERATE	100.0	0.611762782673263	11.69221411192214	0.6088560885608856	1.0	0.2038899779066485	0.4333	0.3333	0.1	0.1183	0.0	0.886006	0.765526	6.341865	1.0	0.0	1	0	0.043425	-0.018182
MARKER_0052	NC_002695.2	690627	691856	MODERATE	100.0	0.6062865834554081	1.6382113821138162	0.3939393939393939	1.0	0.0782526423961763	0.9667	1.0	-0.0333	0.0005	0.0	0.708882	0.889149	3.918338	1.0	0.0	1	0	0.188219	-0.153383
MARKER_0053	NC_002695.2	718185	723239	MODERATE	100.0	0.5716933192450259	3.4179030662710232	0.4540229885057471	1.0	0.0396698420790243	1.0	1.0	0.0	0.0204	0.0	0.0	0.5	0.0	0.0	0.0	1	0	0.028704	-0.034461
MARKER_0054	NC_002695.2	795256	798936	MODERATE	100.0	0.6085206874016839	1.4915783754414562	0.400599128540305	1.0	0.0524963594799458	0.9667	1.0	-0.0333	-0.0634	0.0	0.721322	0.887606	4.423328	1.0	0.0	1	0	0.032634	0.010205
MARKER_0055	NC_002695.2	815591	828985	MODERATE	100.0	0.5917988762460802	1.818029115341545	0.3287016285671597	1.0	0.017851799067287	0.9667	1.0	-0.0333	-0.0892	0.0	0.992789	0.961728	8.306395	1.0	0.0	1	0	0.065373	-0.050105
MARKER_0056	NC_002695.2	826330	828985	DIVERGED	100.0	0.6407073648678453	0.2153614457831381	0.3634302984510767	1.0	0.0618774659710327	0.5	0.7667	-0.2667	-0.2577	0.0	0.992789	0.961728	8.306395	1.0	0.0	2	1	0.109147	-0.074831
MARKER_0057	NC_002695.2	829199	829456	DIVERGED	100.0	0.6822842903110464	10.189922480620154	0.7108433734939759	0.504	0.3373450631790564	0.5	0.7667	-0.2667	-0.2075	0.0	0.992789	0.961728	8.306395	1.0	0.0	2	1	0.172235	-0.096223
MARKER_0058	NC_002695.2	892487	892762	MODERATE	100.0	0.659072674261173	6.659420289855071	0.550561797752809	1.0	0.3197873932111584	0.7667	0.3333	0.4333	0.4419	0.0	0.825509	0.45146	3.925157	1.0	0.0	1	0	0.36326	-0.11349
MARKER_0059	NC_002695.2	901882	904396	MODERATE	100.0	0.6084448276890148	0.3608349900596437	0.3675179569034317	1.0	0.0589033403971858	0.9667	0.8333	0.1333	0.3826	0.0	0.825509	0.45146	3.925157	1.0	0.0	1	0	0.174097	-0.128574
MARKER_0060	NC_002695.2	903436	903650	DIVERGED	100.0	0.6060062168238398	6.244186046511622	0.2864077669902912	1.0	0.3460374350841914	0.8333	0.2333	0.6	0.0	0.0	0.825509	0.45146	3.925157	1.0	0.0	2	1	1.0	0.0
MARKER_0061	NC_002695.2	916724	924512	MODERATE	100.0	0.5779783124372547	5.861535498780334	0.2330334190231362	1.0	0.0871164846282871	0.8333	0.4667	0.3667	0.3032	0.42	0.825509	0.45146	3.925157	1.0	0.0	1	0	0.102916	-0.053242
MARKER_0062	NC_002695.2	925689	926867	MODERATE	100.0	0.5335117759210292	6.479643765903312	0.5478632478632479	1.0	0.1486264365867098	0.3	0.0	0.3	0.3226	0.0	0.825509	0.45146	3.925157	1.0	0.0	1	0	0.239408	-0.170357
MARKER_0063	NC_002695.2	927412	928481	MODERATE	100.0	0.5745218468828217	10.40654205607477	0.6333647502356268	1.0	0.1980397452489988	0.3	0.0	0.3	0.2581	0.9332	0.825509	0.45146	3.925157	1.0	0.0	1	0	0.390004	-0.155952
MARKER_0064	NC_002695.2	929329	929640	MODERATE	100.0	0.5348725209214396	9.153846153846152	0.6039603960396039	1.0	0.2833188591487601	0.6667	0.3	0.3667	0.0	0.0	0.825509	0.45146	3.925157	1.0	0.0	1	0	1.0	0.0
MARKER_0065	NC_002695.2	1028442	1033083	MODERATE	100.0	0.6271727789653813	0.0385609651012543	0.3667170300021584	1.0	0.0353333541172409	1.0	1.0	0.0	0.023	0.0	1.0	0.838389	6.95385	1.0	0.0	1	0	0.047541	-0.025689
MARKER_0066	NC_002695.2	1046110	1046384	MODERATE	100.0	0.528279895731445	13.5	0.1541353383458646	0.653	0.2905724625203356	0.6667	0.2667	0.4	0.0	0.0	0.724865	0.968576	4.364597	1.0	0.0	1	0	1.0	0.0
MARKER_0067	NC_002695.2	1122773	1127047	MODERATE	100.0	0.630175305357207	4.307017543859651	0.2780121894045945	1.0	0.0626170617840422	1.0	1.0	0.0	0.0	0.0	0.0	0.5	0.0	0.0	0.0	1	0	0.0	0.0
MARKER_0068	NC_002695.2	1161652	1165987	MODERATE	100.0	0.5978559515853344	3.036900369003689	0.4289345967182805	1.0	0.0756278600154265	0.2667	0.0667	0.2	0.1815	0.0	0.0	0.5	0.0	0.0	0.0	1	0	0.259249	-0.137023
MARKER_0069	NC_002695.2	1166898	1169151	MODERATE	100.0	0.5943647288431665	4.359804791481807	0.4930957683741648	1.0	0.0841276300469368	0.7333	0.7333	0.0	0.2056	0.0	0.0	0.5	0.0	0.0	0.0	1	0	0.243056	-0.099163
MARKER_0070	NC_002695.2	1167497	1167935	DIVERGED	100.0	0.5731828316616208	5.853075170842828	0.5209302325581395	1.0	0.2305636347970514	0.2333	0.0333	0.2	0.2247	0.0	0.0	0.5	0.0	0.0	0.0	2	1	0.347691	-0.163829
MARKER_0071	NC_002695.2	1169894	1170235	DIVERGED	100.0	0.6278116976785633	0.7923976608187147	0.3573573573573573	1.0	0.2764525505143942	0.1667	0.0667	0.1	0.1602	0.0	0.0	0.5	0.0	0.0	0.0	2	1	0.165449	-0.128174
MARKER_0072	NC_002695.2	1170414	1170983	MODERATE	100.0	0.5895719403495551	7.394736842105267	0.1586452762923351	1.0	0.2083506446467593	0.6667	0.1	0.5667	0.1602	0.0	0.0	0.5	0.0	0.0	0.0	1	0	0.165449	-0.128174
MARKER_0073	NC_002695.2	1170494	1172170	DIVERGED	100.0	0.6969245725881492	3.3461538461538467	0.2703836930455635	1.0	0.1143886983173261	0.7	0.1667	0.5333	0.1545	0.0	0.0	0.5	0.0	0.0	0.0	2	1	0.121751	-0.091853
MARKER_0074	NC_002695.2	1172536	1172922	MODERATE	100.0	0.5889015655856475	1.145994832041339	0.3518518518518518	1.0	0.2469338392759152	0.8333	0.3333	0.5	0.5032	0.0	0.0	0.5	0.0	0.0	0.0	1	0	0.149089	-0.182557
MARKER_0075	NC_002695.2	1174442	1176700	MODERATE	100.0	0.6261869448714251	2.3995130588756126	0.3013333333333333	1.0	0.0569641219382702	0.6667	0.4	0.2667	0.4057	0.0	0.0	0.5	0.0	0.0	0.0	1	0	0.162849	-0.12786
MARKER_0076	NC_002695.2	1178137	1178613	MODERATE	100.0	0.5811085321385311	2.072327044025158	0.4316239316239316	1.0	0.206741364581561	0.2333	0.0667	0.1667	0.1935	0.0	0.0	0.5	0.0	0.0	0.0	1	0	0.196644	-0.075093
MARKER_0077	NC_002695.2	1179416	1180294	DIVERGED	100.0	0.5460734942182099	2.742320819112635	0.3310344827586207	1.0	0.1304453067001761	0.6667	0.1333	0.5333	0.4516	0.0	0.0	0.5	0.0	0.0	0.0	2	1	0.079597	-0.046803
MARKER_0078	NC_002695.2	1179416	1182024	MODERATE	100.0	0.5731356687546013	4.118627826753539	0.2826923076923077	1.0	0.0711728664287996	0.6667	0.1333	0.5333	0.4516	0.0	0.0	0.5	0.0	0.0	0.0	1	0	0.079597	-0.046803
MARKER_0079	NC_002695.2	1184155	1185492	MODERATE	100.0	0.5986160373755084	1.517937219730939	0.3152746425884123	1.0	0.1127446692371891	0.5	0.0667	0.4333	0.2366	0.0	0.0	0.5	0.0	0.0	0.0	1	0	0.182868	-0.064997
MARKER_0080	NC_002695.2	1189440	1194402	MODERATE	100.0	0.6013423103270105	4.789139633286325	0.2589826402906742	1.0	0.0712735830886887	0.6667	0.2333	0.4333	0.3756	0.403	0.0	0.5	0.0	0.0	0.0	1	0	0.153908	-0.080174
MARKER_0081	NC_002695.2	1194533	1195053	MODERATE	100.0	0.7616498091205648	10.728406909788866	0.115234375	1.0	0.2473285598358867	0.4667	0.1667	0.3	0.4118	0.0	0.0	0.5	0.0	0.0	0.0	1	0	0.082107	-0.053487
MARKER_0082	NC_002695.2	1195938	1202592	MODERATE	100.0	0.5975247464287181	6.930503380916612	0.2065904303340355	1.0	0.1042301652830715	0.6667	0.2667	0.4	0.4057	0.42	0.0	0.5	0.0	0.0	0.0	1	0	0.112963	-0.043292
MARKER_0083	NC_002695.2	1197560	1199198	DIVERGED	100.0	0.7328862442785815	7.401159243441128	0.1883435582822085	1.0	0.1294090731758613	0.4667	0.1	0.3667	0.4414	0.0	0.0	0.5	0.0	0.0	0.0	2	1	0.11497	-0.07564
MARKER_0084	NC_002695.2	1199413	1200466	DIVERGED	100.0	0.6424464276163953	8.89278937381404	0.1626794258373205	1.0	0.2058604832036118	0.4	0.1333	0.2667	0.3638	0.42	0.0	0.5	0.0	0.0	0.0	2	1	0.115498	-0.050887
MARKER_0085	NC_002695.2	1203338	1207895	MODERATE	100.0	0.7092398538386642	6.3012286090390575	0.2235656188173224	1.0	0.0941753787086738	0.5	0.2	0.3	0.2674	0.0	0.0	0.5	0.0	0.0	0.0	1	0	0.076282	-0.04883
MARKER_0086	NC_002695.2	1243695	1245336	MODERATE	100.0	0.5672227275384419	1.230816077953719	0.3833435394978567	1.0	0.0730414602307171	0.9667	1.0	-0.0333	-0.1097	0.0	0.0	0.5	0.0	0.0	0.0	1	0	0.142958	-0.077606
MARKER_0087	NC_002695.2	1248216	1248805	MODERATE	100.0	0.5780219889132904	2.872881355932208	0.423407917383821	1.0	0.2021236425861931	0.6667	0.2333	0.4333	0.2065	0.0	0.946233	0.706895	7.391811	1.0	0.0	1	0	0.192301	-0.10164
MARKER_0088	NC_002695.2	1249466	1250291	MODERATE	100.0	0.5719206745393256	3.889830508474581	0.4614443084455324	1.0	0.1692432919255635	0.3333	0.0667	0.2667	0.128	0.0	0.946233	0.706895	7.391811	1.0	0.0	1	0	0.295341	-0.129481
MARKER_0089	NC_002695.2	1250367	1250681	DIVERGED	100.0	0.6586640034986946	3.51587301587302	0.4183006535947712	1.0	0.2857369003421252	0.2333	0.0	0.2333	0.129	0.0	0.946233	0.706895	7.391811	1.0	0.0	2	1	0.138857	-0.071643
MARKER_0090	NC_002695.2	1254966	1255730	MODERATE	100.0	0.5625885775299144	6.055555555555557	0.5013227513227513	1.0	0.2181924569288378	0.4333	0.3	0.1333	0.1699	0.0	0.946233	0.706895	7.391811	1.0	0.0	1	0	0.318305	-0.180878
MARKER_0091	NC_002695.2	1258050	1258437	MODERATE	100.0	0.6123802569294678	6.170103092783506	0.5277044854881267	0.994	0.2241451447626861	0.5333	0.2	0.3333	0.2473	0.0	0.946233	0.706895	7.391811	1.0	0.0	1	0	0.16577	-0.160373
MARKER_0092	NC_002695.2	1262581	1265883	MODERATE	100.0	0.5968498247532011	1.362851952770214	0.3998178506375228	1.0	0.0723029845596523	0.6667	0.3	0.3667	0.2609	1.0	0.946233	0.706895	7.391811	1.0	0.0	1	0	0.229984	-0.154953
MARKER_0093	NC_002695.2	1263309	1263973	DIVERGED	100.0	0.5580127633068133	1.1766917293233092	0.4253048780487805	1.0	0.142962008186282	0.2333	0.0333	0.2	0.1935	1.0	0.946233	0.706895	7.391811	1.0	0.0	2	1	0.147072	-0.140151
MARKER_0094	NC_002695.2	1266332	1267062	MODERATE	100.0	0.5725210498868681	1.5259917920656605	0.4113573407202216	1.0	0.153313600749223	0.3667	0.0	0.3667	0.0	0.0	0.946233	0.706895	7.391811	1.0	0.0	1	0	1.0	0.0
MARKER_0095	NC_002695.2	1268393	1268925	DIVERGED	100.0	0.5555118558912692	2.0947467166979337	0.4561068702290076	1.0	0.1853741101656828	0.3667	0.1	0.2667	0.3226	0.0	0.946233	0.706895	7.391811	1.0	0.0	2	1	0.066188	-0.035314
MARKER_0096	NC_002695.2	1268393	1268935	MODERATE	100.0	0.557215126354165	2.4337016574585637	0.4531835205992509	1.0	0.1865731667808486	0.3667	0.1	0.2667	0.3226	0.0	0.946233	0.706895	7.391811	1.0	0.0	1	0	0.066188	-0.035314
MARKER_0097	NC_002695.2	1271813	1275325	MODERATE	100.0	0.6045684658256342	0.4857671505835483	0.363013698630137	1.0	0.0580748952898328	0.3667	0.0333	0.3333	0.1839	0.0	0.946233	0.706895	7.391811	1.0	0.0	1	0	0.186477	-0.104535
MARKER_0098	NC_002695.2	1275503	1283838	MODERATE	100.0	0.6469969193862293	0.8315738963531629	0.3277290740963132	1.0	0.0557538026579979	0.2	0.0333	0.1667	0.1783	0.0	0.946233	0.706895	7.391811	1.0	0.0	1	0	0.130567	-0.073705
MARKER_0099	NC_002695.2	1283944	1285452	MODERATE	100.0	0.5851237729758736	2.846587143803845	0.294	1.0	0.1414861798182229	0.2	0.0333	0.1667	0.1821	0.0	0.946233	0.706895	7.391811	1.0	0.0	1	0	0.133597	-0.126695
MARKER_0100	NC_002695.2	1286070	1286278	MODERATE	100.0	0.6778545497885377	6.91626794258373	0.245	0.798	0.3951585964162626	0.2	0.0333	0.1667	0.1613	0.0	0.946233	0.706895	7.391811	1.0	0.0	1	0	0.126608	-0.158102
MARKER_0101	NC_002695.2	1286313	1287418	MODERATE	100.0	0.6150363259614745	4.020795660036171	0.3181403828623518	1.0	0.2382710800346127	0.3	0.0	0.3	0.2151	0.0	0.946233	0.706895	7.391811	1.0	0.0	1	0	0.241341	-0.146575
MARKER_0102	NC_002695.2	1287542	1291557	MODERATE	100.0	0.6146985330509941	2.0687250996015933	0.4147741452458198	1.0	0.0715022301043789	0.2	0.0333	0.1667	0.2008	0.0	0.946233	0.706895	7.391811	1.0	0.0	1	0	0.204879	-0.133773
MARKER_0103	NC_002695.2	1291928	1304608	MODERATE	100.0	0.6914700339608031	2.532095260626136	0.2953756313131313	1.0	0.061173658993184	0.5333	0.0667	0.4667	0.2213	0.0	0.946233	0.706895	7.391811	1.0	0.0	1	0	0.194448	-0.108978
MARKER_0104	NC_002695.2	1292449	1292824	DIVERGED	100.0	0.539198806289457	1.361702127659569	0.3405994550408719	0.993	0.2351115200836776	0.5333	0.0667	0.4667	0.3371	0.0	0.946233	0.706895	7.391811	1.0	0.0	2	1	0.275688	-0.123249
MARKER_0105	NC_002695.2	1305347	1305878	MODERATE	100.0	0.5885550668464883	0.627819548872175	0.3307839388145315	1.0	0.205296436626693	0.0333	0.0333	0.0	0.0495	0.0	0.946233	0.706895	7.391811	1.0	0.0	1	0	0.30991	-0.170182
MARKER_0106	NC_002695.2	1306263	1306694	MODERATE	100.0	0.5776357279006685	2.0462962962962905	0.2860520094562648	0.717	0.2198989549071988	0.4333	0.0	0.4333	0.0645	0.0	0.946233	0.706895	7.391811	1.0	0.0	1	0	0.156348	-0.122373
MARKER_0107	NC_002695.2	1306805	1308328	MODERATE	100.0	0.5898793686205954	2.4028871391076123	0.4211221122112211	1.0	0.131285738891577	0.4	0.1667	0.2333	0.148	0.0	0.946233	0.706895	7.391811	1.0	0.0	1	0	0.191803	-0.122686
MARKER_0108	NC_002695.2	1307668	1308572	DIVERGED	100.0	0.6212776057116596	3.09668508287293	0.4185267857142857	1.0	0.1590607472780442	0.2667	0.0333	0.2333	0.0645	0.0	0.946233	0.706895	7.391811	1.0	0.0	2	1	0.181952	-0.147395
MARKER_0109	NC_002695.2	1308858	1310178	MODERATE	100.0	0.6402091569060551	2.4303557910673703	0.4321646341463415	1.0	0.1016691994218291	0.9667	1.0	-0.0333	-0.0323	0.0	0.946233	0.706895	7.391811	1.0	0.0	1	0	0.121279	-0.010956
MARKER_0110	NC_002695.2	1370558	1371962	MODERATE	100.0	0.6409270252527745	2.813167259786475	0.4204871060171919	1.0	0.0997897977945591	0.7667	0.9	-0.1333	0.3828	0.0	0.964176	0.655141	7.180782	1.0	0.0	1	0	0.206516	-0.199075
MARKER_0111	NC_002695.2	1375491	1377687	MODERATE	100.0	0.5889687054865871	9.626081019572148	0.6083180987202925	1.0	0.1506167785326903	0.3667	0.1333	0.2333	0.2538	0.0	0.964176	0.655141	7.180782	1.0	0.0	1	0	0.225027	-0.19813
MARKER_0112	NC_002695.2	1377836	1381671	MODERATE	100.0	0.6409555146384759	4.332116788321166	0.4789652469297099	1.0	0.0770894353434382	0.6333	0.1667	0.4667	0.2774	0.0	0.964176	0.655141	7.180782	1.0	0.0	1	0	0.213298	-0.153642
MARKER_0113	NC_002695.2	1396186	1399607	MODERATE	100.0	0.6239553839966031	10.231151373465806	0.6132434808086727	1.0	0.140475341536048	0.3667	0.6667	-0.3	0.1758	0.0	0.964176	0.655141	7.180782	1.0	0.0	1	0	0.232579	-0.106754
MARKER_0114	NC_002695.2	1400163	1403768	MODERATE	100.0	0.6465195428046944	3.659733777038269	0.2746733388935223	1.0	0.0713233881892909	0.6333	0.8667	-0.2333	0.3243	0.617	0.964176	0.655141	7.180782	1.0	0.0	1	0	0.118704	-0.113235
MARKER_0115	NC_002695.2	1400361	1400758	DIVERGED	100.0	0.5994950355657498	8.545226130653262	0.1619537275064267	1.0	0.2370794217538179	0.4	0.6667	-0.2667	0.1925	0.403	0.964176	0.655141	7.180782	1.0	0.0	2	1	0.083356	-0.105462
MARKER_0116	NC_002695.2	1405189	1405425	MODERATE	100.0	0.6626243559857798	0.1329113924050631	0.4166666666666667	0.237	0.280563158355964	0.2333	0.0667	0.1667	0.1602	0.0	0.964176	0.655141	7.180782	1.0	0.0	1	0	0.219207	-0.143682
MARKER_0117	NC_002695.2	1418501	1420690	MODERATE	100.0	0.6244318737140551	0.0433789954337839	0.3475469967904631	1.0	0.109556400336964	0.4333	0.1667	0.2667	0.2849	0.0	0.964176	0.655141	7.180782	1.0	0.0	1	0	0.102606	-0.095494
MARKER_0118	NC_002695.2	1423332	1423729	MODERATE	100.0	0.5523641441782927	1.7562814070351749	0.3984575835475578	0.418	0.2223805940760503	0.4667	0.1333	0.3333	0.2903	0.0	0.964176	0.655141	7.180782	1.0	0.0	1	0	0.232922	-0.088768
MARKER_0119	NC_002695.2	1424638	1424959	MODERATE	100.0	0.565720288443624	9.816770186335404	0.6261980830670927	0.852	0.2669586445326222	0.3333	0.0333	0.3	0.2903	0.0	0.964176	0.655141	7.180782	1.0	0.0	1	0	0.236035	-0.097218
MARKER_0120	NC_002695.2	1425141	1425887	MODERATE	100.0	0.6391953521912879	0.0314591700133917	0.3861788617886179	1.0	0.1397633976865457	0.6333	0.2	0.4333	0.4452	0.0	0.964176	0.655141	7.180782	1.0	0.0	1	0	0.197871	-0.049209
MARKER_0121	NC_002695.2	1425142	1425853	DIVERGED	100.0	0.6371698964808661	0.6235955056179776	0.3698435277382645	1.0	0.1497603174821232	0.6333	0.2	0.4333	0.4452	0.0	0.964176	0.655141	7.180782	1.0	0.0	2	1	0.197871	-0.049209
MARKER_0122	NC_002695.2	1427818	1433356	MODERATE	100.0	0.6216127227658889	3.8850875609315736	0.464376130198915	1.0	0.0524865264329728	0.9333	0.9	0.0333	0.3353	0.4809	0.964176	0.655141	7.180782	1.0	0.0	1	0	0.190747	-0.110145
MARKER_0123	NC_002695.2	1429694	1430153	DIVERGED	100.0	0.6465135022388582	1.4565217391304373	0.3458980044345898	0.46	0.1698049270405374	0.5667	0.2	0.3667	0.2903	0.0	0.964176	0.655141	7.180782	1.0	0.0	2	1	0.209812	-0.139486
MARKER_0124	NC_002695.2	1437941	1440849	MODERATE	100.0	0.59589093411523	1.4453420419388152	0.4082758620689655	1.0	0.0939572543557372	0.6333	0.2333	0.4	0.309	0.0	0.964176	0.655141	7.180782	1.0	0.0	1	0	0.155741	-0.133799
MARKER_0125	NC_002695.2	1438008	1439792	DIVERGED	100.0	0.6353896251258386	1.6008403361344603	0.3389639639639639	1.0	0.1253151139740631	0.6	0.2333	0.3667	0.3188	0.0	0.964176	0.655141	7.180782	1.0	0.0	2	1	0.10966	-0.099622
MARKER_0126	NC_002695.2	1441718	1444639	MODERATE	100.0	0.6222126998353242	1.2871321013004788	0.4092001373154823	1.0	0.084398553294122	0.9	0.8333	0.0667	0.455	0.0	0.964176	0.655141	7.180782	1.0	0.0	1	0	0.159639	-0.07671
MARKER_0127	NC_002695.2	1444227	1445279	DIVERGED	100.0	0.5934149080425871	5.530389363722698	0.2404214559386973	1.0	0.2106810378911654	0.7667	0.7	0.0667	0.4763	0.0	0.964176	0.655141	7.180782	1.0	0.0	2	1	0.055623	-0.03563
MARKER_0128	NC_002695.2	1444997	1447141	MODERATE	100.0	0.5593606343574308	6.935897435897431	0.1952247191011236	1.0	0.1452252972390169	0.7667	0.7	0.0667	0.4763	0.0	0.964176	0.655141	7.180782	1.0	0.0	1	0	0.055623	-0.03563
MARKER_0129	NC_002695.2	1447247	1451724	MODERATE	100.0	0.6003927967080575	2.2690933452434123	0.306332512866413	1.0	0.0702534924157212	0.7	0.2	0.5	0.5097	0.0	0.964176	0.655141	7.180782	1.0	0.0	1	0	0.110048	-0.104895
MARKER_0130	NC_002695.2	1451740	1452106	DIVERGED	100.0	0.6287870184092031	2.271117166212534	0.3994413407821229	0.652	0.2117074995506723	0.5667	0.1333	0.4333	0.6366	0.0	0.964176	0.655141	7.180782	1.0	0.0	2	1	0.074662	-0.043796
MARKER_0131	NC_002695.2	1451740	1456940	MODERATE	100.0	0.6386433198898528	2.105268217650448	0.3083590138674884	1.0	0.0683861651871784	0.9667	1.0	-0.0333	0.3596	0.496	0.964176	0.655141	7.180782	1.0	0.0	1	0	0.14683	-0.036169
MARKER_0132	NC_002695.2	1543599	1546065	MODERATE	100.0	0.5883550084919934	5.262869882448314	0.5020341741253052	1.0	0.0933459666530536	0.3667	0.3667	0.0	0.1116	0.0	0.838307	0.817581	8.046454	1.0	0.0	1	0	0.20754	-0.113324
MARKER_0133	NC_002695.2	1546181	1546685	DIVERGED	100.0	0.5727702346627835	0.0049504950495062	0.3366935483870967	1.0	0.2641380377782215	0.2	0.0	0.2	0.1269	0.0	0.838307	0.817581	8.046454	1.0	0.0	2	1	0.135995	-0.137396
MARKER_0134	NC_002695.2	1548756	1549047	MODERATE	100.0	0.7246519295295226	4.294520547945204	0.2579505300353357	0.457	0.3081800034528904	0.3	0.1	0.2	0.1919	0.0	0.838307	0.817581	8.046454	1.0	0.0	1	0	0.227945	-0.109784
MARKER_0135	NC_002695.2	1548756	1549325	DIVERGED	100.0	0.6655104642390269	1.254385964912288	0.3262032085561497	1.0	0.1872326305894913	0.3667	0.1	0.2667	0.2169	0.0	0.838307	0.817581	8.046454	1.0	0.0	2	1	0.205574	-0.112802
MARKER_0136	NC_002695.2	1549083	1549660	MODERATE	100.0	0.5754165246341417	3.0951557093425635	0.4569420035149384	1.0	0.1689602525143538	0.3333	0.1	0.2333	0.2143	0.0	0.838307	0.817581	8.046454	1.0	0.0	1	0	0.168683	-0.114573
MARKER_0137	NC_002695.2	1549893	1550278	MODERATE	100.0	0.6206020574587774	6.199481865284973	0.5543766578249337	1.0	0.2793652822875206	0.4333	0.1	0.3333	0.2032	0.0	0.838307	0.817581	8.046454	1.0	0.0	1	0	0.256327	-0.164728
MARKER_0138	NC_002695.2	1551100	1556432	MODERATE	100.0	0.5928094649805856	1.5720045002812668	0.3285123966942149	1.0	0.0428780651672643	0.5667	0.1333	0.4333	0.3252	0.0	0.838307	0.817581	8.046454	1.0	0.0	1	0	0.14984	-0.078724
MARKER_0139	NC_002695.2	1555255	1555819	DIVERGED	100.0	0.557108835867567	5.960176991150448	0.2410071942446043	1.0	0.2018932198499926	0.1	0.0333	0.0667	0.1613	0.0	0.838307	0.817581	8.046454	1.0	0.0	2	1	0.112442	-0.079961
MARKER_0140	NC_002695.2	1557461	1558453	MODERATE	100.0	0.6162892598490857	1.4637462235649537	0.3353658536585366	0.926	0.1644673002512	0.1667	0.0333	0.1333	0.161	0.0	0.838307	0.817581	8.046454	1.0	0.0	1	0	0.210893	-0.12358
MARKER_0141	NC_002695.2	1560040	1573146	MODERATE	100.0	0.6675694274947386	5.256466010528726	0.2526339899221255	1.0	0.0884407228659973	0.4333	0.0667	0.3667	0.3227	0.6515	0.838307	0.817581	8.046454	1.0	0.0	1	0	0.170589	-0.048158
MARKER_0142	NC_002695.2	1575853	1576569	MODERATE	100.0	0.7365732626074779	7.519525801952575	0.1850282485875706	0.717	0.2298483085879993	0.2	0.0333	0.1667	0.4161	0.42	0.838307	0.817581	8.046454	1.0	0.0	1	0	0.104973	-0.032621
MARKER_0143	NC_002695.2	1577029	1577345	MODERATE	100.0	0.5160642517016677	9.490536277602525	0.5811688311688312	1.0	0.2886787217879959	0.3333	0.0333	0.3	0.2581	1.0	0.838307	0.817581	8.046454	1.0	0.0	1	0	0.210509	-0.143371
MARKER_0144	NC_002695.2	1577717	1579089	MODERATE	100.0	0.6256844971333503	2.522578295702836	0.3093841642228739	1.0	0.0984170720048924	0.5	0.0333	0.4667	0.2412	1.0	0.838307	0.817581	8.046454	1.0	0.0	1	0	0.173255	-0.089715
MARKER_0145	NC_002695.2	1587060	1587515	MODERATE	100.0	0.4641864365951284	0.7192982456140342	0.436241610738255	1.0	0.213777432608746	0.8333	0.7333	0.1	0.0699	0.9332	0.838307	0.817581	8.046454	1.0	0.0	1	0	0.166634	-0.120367
MARKER_0146	NC_002695.2	1587759	1590039	MODERATE	100.0	0.5924617652285896	12.49035510740903	0.6698943661971831	1.0	0.2024867209840177	0.9333	1.0	-0.0667	0.1505	0.0	0.838307	0.817581	8.046454	1.0	0.0	1	0	0.189466	-0.114071
MARKER_0147	NC_002695.2	1594775	1596029	DIVERGED	100.0	0.594599811611948	0.1414342629482021	0.3523274478330658	1.0	0.113629652259263	0.4333	0.0333	0.4	0.3215	0.0	0.838307	0.817581	8.046454	1.0	0.0	2	1	0.14336	-0.18271
MARKER_0148	NC_002695.2	1595020	1597197	MODERATE	100.0	0.6211508160643264	2.24471992653811	0.4190871369294606	1.0	0.0811709226355694	0.4667	0.1333	0.3333	0.1763	0.0	0.838307	0.817581	8.046454	1.0	0.0	1	0	0.159541	-0.169999
MARKER_0149	NC_002695.2	1596440	1596779	DIVERGED	100.0	0.6132264026542125	0.2058823529411739	0.4078549848942598	1.0	0.2233745959111311	0.3333	0.0333	0.3	0.0312	0.0	0.838307	0.817581	8.046454	1.0	0.0	2	1	0.175722	-0.157288
MARKER_0150	NC_002695.2	1597465	1597683	MODERATE	100.0	0.5608564013758025	2.468036529680361	0.3238095238095238	1.0	0.3480067809566963	0.2667	0.0333	0.2333	0.0473	0.0	0.838307	0.817581	8.046454	1.0	0.0	1	0	0.174941	-0.101034
MARKER_0151	NC_002695.2	1598289	1601088	MODERATE	100.0	0.5892259806300131	0.9285714285714236	0.3443210318882121	1.0	0.0939087365920886	0.4333	0.1333	0.3	0.0742	0.0	0.838307	0.817581	8.046454	1.0	0.0	1	0	0.195661	-0.113893
MARKER_0152	NC_002695.2	1601101	1602425	MODERATE	100.0	0.5973234123392341	1.8773584905660383	0.3077507598784194	1.0	0.1526557036522836	0.4667	0.1667	0.3	0.2484	0.0	0.838307	0.817581	8.046454	1.0	0.0	1	0	0.230081	-0.136664
MARKER_0153	NC_002695.2	1601103	1601676	DIVERGED	100.0	0.5393647587077348	4.552264808362374	0.2495575221238938	1.0	0.2363511171752671	0.4667	0.1667	0.3	0.2237	0.0	0.838307	0.817581	8.046454	1.0	0.0	2	1	0.22462	-0.134507
MARKER_0154	NC_002695.2	1604974	1605632	DIVERGED	100.0	0.5928886758877376	7.46661608497724	0.1676923076923077	1.0	0.171527146414554	0.1333	0.0667	0.0667	0.0946	0.0	0.838307	0.817581	8.046454	1.0	0.0	2	1	0.049374	-0.034104
MARKER_0155	NC_002695.2	1606257	1609397	MODERATE	100.0	0.5700189284040086	2.795128939828082	0.2994891443167305	1.0	0.072424523235493	0.4333	0.1333	0.3	0.1333	0.0	0.838307	0.817581	8.046454	1.0	0.0	1	0	0.169317	-0.111329
MARKER_0156	NC_002695.2	1609806	1610144	MODERATE	100.0	0.5924313881311131	6.252212389380532	0.5303030303030303	1.0	0.2795351329492069	0.3333	0.0333	0.3	0.0	0.0	0.838307	0.817581	8.046454	1.0	0.0	1	0	1.0	0.0
MARKER_0157	NC_002695.2	1619858	1621616	MODERATE	100.0	0.6242372679353823	0.1304718590108038	0.3297142857142857	1.0	0.0955554470608875	0.8667	0.7333	0.1333	0.21	0.0	0.838307	0.817581	8.046454	1.0	0.0	1	0	0.159702	-0.109472
MARKER_0158	NC_002695.2	1621634	1622051	MODERATE	100.0	0.5850466664779134	10.78708133971292	0.6430317848410758	1.0	0.2840932624946829	0.6667	0.8	-0.1333	-0.007	0.0	0.838307	0.817581	8.046454	1.0	0.0	1	0	0.32698	-0.17476
MARKER_0159	NC_002695.2	1623029	1623880	MODERATE	100.0	0.5664319862009783	16.814553990610328	0.7793594306049823	1.0	0.2645796680702774	0.3667	0.5667	-0.2	-0.2118	0.0	0.838307	0.817581	8.046454	1.0	0.0	1	0	0.35292	-0.252291
MARKER_0160	NC_002695.2	1624133	1625710	MODERATE	100.0	0.6201964926050442	0.1197718631178688	0.3422562141491396	1.0	0.0878969710249539	0.8333	0.8	0.0333	-0.0015	0.0	0.838307	0.817581	8.046454	1.0	0.0	1	0	0.232762	-0.111453
MARKER_0161	NC_002695.2	1626700	1627737	MODERATE	100.0	0.5932677489170401	0.5963391136801519	0.3634596695821185	1.0	0.1105894988789655	0.7333	0.8333	-0.1	0.171	0.0	0.838307	0.817581	8.046454	1.0	0.0	1	0	0.221625	-0.10258
MARKER_0162	NC_002695.2	1627037	1627422	DIVERGED	100.0	0.5422125943724898	0.5362694300518172	0.3315649867374005	0.715	0.2003800702331707	0.6	0.3333	0.2667	0.2796	0.0	0.838307	0.817581	8.046454	1.0	0.0	2	1	0.137984	-0.101758
MARKER_0163	NC_002695.2	1627494	1627935	DIVERGED	100.0	0.567984608725902	0.8574660633484115	0.3302540415704388	1.0	0.2209445885718328	0.6667	0.8333	-0.1667	0.1118	0.0	0.838307	0.817581	8.046454	1.0	0.0	2	1	0.178997	-0.093096
MARKER_0164	NC_002695.2	1628403	1629060	DIVERGED	100.0	0.6567167058009046	12.202127659574463	0.6825885978428351	0.958	0.231573130121152	0.5333	0.6333	-0.1	-0.214	0.0	0.838307	0.817581	8.046454	1.0	0.0	2	1	0.431502	-0.190636
MARKER_0165	NC_002695.2	1628552	1629619	MODERATE	100.0	0.5950001799948601	13.51498127340824	0.7006610009442871	1.0	0.195491476012854	0.6333	0.7	-0.0667	-0.1812	0.0	0.838307	0.817581	8.046454	1.0	0.0	1	0	0.350152	-0.141072
MARKER_0166	NC_002695.2	1629149	1632560	DIVERGED	100.0	0.5834239693415789	0.1776084407971865	0.3629150749338818	1.0	0.0561843451565196	0.9667	0.8	0.1667	0.0996	0.0	0.838307	0.817581	8.046454	1.0	0.0	2	1	0.145418	-0.063481
MARKER_0167	NC_002695.2	1629670	1630072	MODERATE	100.0	0.5591938865128684	6.579404466501245	0.4923857868020304	0.441	0.3016694846744423	0.9	0.7333	0.1667	0.0	0.0	0.838307	0.817581	8.046454	1.0	0.0	1	0	1.0	0.0
MARKER_0168	NC_002695.2	1632894	1634582	DIVERGED	100.0	0.554510840683436	8.173771462403792	0.169047619047619	1.0	0.110915210129092	0.7	0.4333	0.2667	0.3263	0.0	0.838307	0.817581	8.046454	1.0	0.0	2	1	0.061026	-0.035428
MARKER_0169	NC_002695.2	1634691	1635119	DIVERGED	100.0	0.7485961266600596	11.271561771561764	0.1285714285714285	0.47	0.2311150356732071	0.7	0.4333	0.2667	0.3763	0.0	0.838307	0.817581	8.046454	1.0	0.0	2	1	0.054702	-0.037215
MARKER_0170	NC_002695.2	1638376	1639447	DIVERGED	100.0	0.6903769757013742	5.1902985074626855	0.2634054562558796	1.0	0.14339791718423	0.8	0.5333	0.2667	0.3272	0.4039	0.838307	0.817581	8.046454	1.0	0.0	2	1	0.095366	-0.049417
MARKER_0171	NC_002695.2	1640581	1648543	MODERATE	100.0	0.6181371201796575	7.254615094813509	0.204676892129746	1.0	0.0857190136428788	0.9	0.6333	0.2667	0.3267	0.42	0.838307	0.817581	8.046454	1.0	0.0	1	0	0.093695	-0.036469
MARKER_0172	NC_002695.2	1648641	1648967	DIVERGED	100.0	0.6654137036547779	4.934250764525991	0.4937106918238994	1.0	0.2619794240228452	0.6333	0.3	0.3333	0.3054	0.0	0.838307	0.817581	8.046454	1.0	0.0	2	1	0.059525	-0.006642
MARKER_0173	NC_002695.2	1648839	1651379	MODERATE	100.0	0.6861409121751771	5.895120031483671	0.2199842022116903	1.0	0.1231078122309846	0.7333	0.7667	-0.0333	0.2735	0.0	0.838307	0.817581	8.046454	1.0	0.0	1	0	0.073608	-0.043902
MARKER_0174	NC_002695.2	1651919	1652258	MODERATE	100.0	0.5434450227024761	5.088235294117652	0.2416918429003021	1.0	0.232973039041882	0.5667	0.6	-0.0333	0.3118	0.0	0.838307	0.817581	8.046454	1.0	0.0	1	0	0.097562	-0.130116
MARKER_0175	NC_002695.2	1652400	1653141	MODERATE	100.0	0.67640197859558	2.11725067385445	0.3806275579809004	1.0	0.1660123186774302	0.7	0.6333	0.0667	0.178	0.0	0.838307	0.817581	8.046454	1.0	0.0	1	0	0.148141	-0.110097
MARKER_0176	NC_002695.2	1661158	1661524	MODERATE	100.0	0.593052947954276	15.077656675749315	0.7625698324022346	0.863	0.3129980706512781	0.6667	0.6667	0.0	0.043	0.0	0.838307	0.817581	8.046454	1.0	0.0	1	0	0.22884	-0.143393
MARKER_0177	NC_002695.2	1685860	1686114	MODERATE	100.0	0.6398704707737195	3.617647058823529	0.2845528455284553	1.0	0.3432645534191846	0.1333	0.0333	0.1	0.571	0.0	0.0	0.5	0.0	0.0	0.0	1	0	0.082687	-0.103122
MARKER_0178	NC_002695.2	1731912	1732563	MODERATE	100.0	0.5492655694091869	3.027607361963192	0.286158631415241	1.0	0.2956517968385009	1.0	1.0	0.0	-0.2473	0.0	0.0	0.5	0.0	0.0	0.0	1	0	0.317931	-0.237666
MARKER_0179	NC_002695.2	1759423	1761440	MODERATE	100.0	0.5935969843562574	0.8964321110009905	0.3683424589347934	1.0	0.1195872676563536	0.7333	0.1667	0.5667	0.071	0.0	0.615871	0.425179	1.809095	1.0	0.0	1	0	0.06788	-0.058698
MARKER_0180	NC_002695.2	1761943	1762521	DIVERGED	100.0	0.6453388495275884	3.349740932642483	0.4631578947368421	1.0	0.1920071439547194	0.5333	0.0667	0.4667	0.1156	0.0	0.616815	0.408302	2.263428	1.0	0.0	2	1	0.330334	-0.152468
MARKER_0181	NC_002695.2	1763027	1763380	MODERATE	100.0	0.6217985716660127	6.149717514124291	0.4811594202898551	1.0	0.2730694057232361	0.4	0.0667	0.3333	0.1355	0.0	0.616815	0.408302	2.263428	1.0	0.0	1	0	0.237413	-0.106966
MARKER_0182	NC_002695.2	1764421	1766897	MODERATE	100.0	0.5973781595476869	0.0357287040775062	0.3687196110210697	1.0	0.0848863326098453	0.4667	0.7333	-0.2667	0.048	0.0	0.616815	0.408302	2.263428	1.0	0.0	1	0	0.199129	-0.154282
MARKER_0183	NC_002695.2	1767698	1768154	MODERATE	100.0	0.5880970171559964	2.3599562363238533	0.4308035714285714	1.0	0.2197631411473656	0.2667	0.0	0.2667	0.0	0.0	0.616815	0.408302	2.263428	1.0	0.0	1	0	1.0	0.0
MARKER_0184	NC_002695.2	1769283	1777393	MODERATE	100.0	0.5798624475858468	1.3308469979040751	0.3389286595902246	1.0	0.0433370222011169	0.9	0.8667	0.0333	0.3291	0.7093	0.615561	0.411515	2.306434	1.0	0.0	1	0	0.180678	-0.119808
MARKER_0185	NC_002695.2	1774542	1774754	DIVERGED	100.0	0.6446178737111695	2.143192488262912	0.4705882352941176	1.0	0.3459527822000431	0.2667	0.0	0.2667	0.0	0.0	0.615561	0.411515	2.306434	1.0	0.0	2	1	1.0	0.0
MARKER_0186	NC_002695.2	1775014	1775836	DIVERGED	100.0	0.5859743105594919	6.000607533414339	0.2371007371007371	0.873	0.1696501135637337	0.5	0.0333	0.4667	0.4516	0.0	0.615561	0.411515	2.306434	1.0	0.0	2	1	0.079597	-0.046803
MARKER_0187	NC_002695.2	1794510	1800718	MODERATE	100.0	0.6158235535468729	5.595989692382034	0.2430645161290322	1.0	0.0966884485816672	0.7	0.4667	0.2333	0.3153	0.42	0.610606	0.412716	1.971814	1.0	0.0	1	0	0.114582	-0.064683
MARKER_0188	NC_002695.2	1798838	1799182	DIVERGED	100.0	0.666649448832131	2.673913043478258	0.4107142857142857	1.0	0.2230274299488444	0.6	0.2667	0.3333	0.2575	0.0	0.617847	0.447338	2.684037	1.0	0.0	2	1	0.080649	-0.062533
MARKER_0189	NC_002695.2	1800720	1803472	DIVERGED	100.0	0.5731455140841549	13.013621503814022	0.6738338192419825	1.0	0.1886231965543942	0.3667	0.0	0.3667	0.3226	0.0	0.617847	0.447338	2.684037	1.0	0.0	2	1	0.308697	-0.218271
MARKER_0190	NC_002695.2	1801601	1804652	MODERATE	100.0	0.5554389021261806	10.133027522935777	0.6151823858034834	1.0	0.1490417188102196	0.4	0.0	0.4	0.3548	0.0	0.617847	0.447338	2.684037	1.0	0.0	1	0	0.280897	-0.239106
MARKER_0191	NC_002695.2	1804760	1807056	MODERATE	100.0	0.5952697596736071	9.054636482368302	0.583041958041958	1.0	0.1355546675618333	0.4333	0.0333	0.4	0.3384	0.9332	0.617847	0.447338	2.684037	1.0	0.0	1	0	0.269619	-0.146699
MARKER_0192	NC_002695.2	1806392	1806891	DIVERGED	100.0	0.5766229741577451	2.700000000000003	0.2830957230142566	1.0	0.1867497788744727	0.4333	0.0333	0.4	0.3543	0.9332	0.617847	0.447338	2.684037	1.0	0.0	2	1	0.170405	-0.060016
MARKER_0193	NC_002695.2	1812652	1813783	MODERATE	100.0	0.6113590088777292	1.2067137809187258	0.3944790739091718	1.0	0.1174673754818848	0.2333	0.1333	0.1	0.0	0.0	0.617847	0.447338	2.684037	1.0	0.0	1	0	1.0	0.0
MARKER_0194	NC_002695.2	1815232	1815468	MODERATE	100.0	0.6122137111363942	9.993670886075948	0.5833333333333334	1.0	0.3394240490111797	0.3	0.0333	0.2667	0.0	0.0	0.617847	0.447338	2.684037	1.0	0.0	1	0	1.0	0.0
MARKER_0195	NC_002695.2	1826732	1828572	MODERATE	100.0	0.5868288010092304	0.0160239000543214	0.3542576419213973	1.0	0.0929856270491019	0.9667	1.0	-0.0333	-0.0468	0.0	0.611835	0.720163	2.739167	1.0	0.0	1	0	0.044714	-0.062294
MARKER_0196	NC_002695.2	1915139	1915466	DIVERGED	100.0	0.6168255735481182	7.81707317073171	0.5454545454545454	1.0	0.236615122878653	0.9667	0.9333	0.0333	-0.1527	0.0	0.0	0.5	0.0	0.0	0.0	2	1	0.098371	-0.068997
MARKER_0197	NC_002695.2	1915139	1915466	MODERATE	100.0	0.6168255735481182	7.81707317073171	0.5454545454545454	1.0	0.236615122878653	0.9667	0.9333	0.0333	-0.1527	0.0	0.0	0.5	0.0	0.0	0.0	1	0	0.098371	-0.068997
MARKER_0198	NC_002695.2	1925272	1926689	DIVERGED	100.0	0.6179319210979233	1.1220028208744708	0.339957416607523	1.0	0.1296771968502472	0.2667	0.4333	-0.1667	-0.4376	0.0	0.0	0.5	0.0	0.0	0.0	2	1	0.077122	-0.066778
MARKER_0199	NC_002695.2	1925507	1926689	MODERATE	100.0	0.6923117366936525	0.8102282333051534	0.348381601362862	1.0	0.1304627146895017	0.2667	0.4333	-0.1667	-0.4376	0.0	0.0	0.5	0.0	0.0	0.0	1	0	0.077122	-0.066778
MARKER_0200	NC_002695.2	1926987	1928233	MODERATE	100.0	0.582301326086595	8.88011226944667	0.5694668820678513	1.0	0.1909445535837988	0.2333	0.6	-0.3667	-0.3985	0.0	0.0	0.5	0.0	0.0	0.0	1	0	0.287992	-0.11294
MARKER_0201	NC_002695.2	1927601	1928104	DIVERGED	100.0	0.6411472368659887	7.047619047619044	0.5111111111111111	1.0	0.2183722190225686	0.2333	0.6	-0.3667	-0.3565	0.0	0.0	0.5	0.0	0.0	0.0	2	1	0.413117	-0.124718
MARKER_0202	NC_002695.2	1930096	1934330	MODERATE	100.0	0.621826828422095	1.999409681227867	0.4110269758637009	1.0	0.0761927960217976	0.7333	0.5667	0.1667	0.1595	0.0	0.939818	0.650945	6.534032	1.0	0.0	1	0	0.230781	-0.085067
MARKER_0203	NC_002695.2	1934566	1934873	MODERATE	100.0	0.5822630454199441	2.123376623376622	0.4448160535117056	1.0	0.2633951997335034	0.1333	0.0333	0.1	0.0	0.0	0.939818	0.650945	6.534032	1.0	0.0	1	0	1.0	0.0
MARKER_0204	NC_002695.2	1939076	1940479	MODERATE	100.0	0.5996367873527635	1.1410256410256352	0.3971326164874552	1.0	0.0906412923761924	0.1	0.0667	0.0333	0.1161	0.0	0.939818	0.650945	6.534032	1.0	0.0	1	0	0.126234	-0.115399
MARKER_0205	NC_002695.2	1940663	1941661	MODERATE	100.0	0.5524603596757173	3.153653653653656	0.2828282828282828	1.0	0.1169682607274512	0.2667	0.0333	0.2333	0.2247	0.0	0.939818	0.650945	6.534032	1.0	0.0	1	0	0.16509	-0.05332
MARKER_0206	NC_002695.2	1966021	1970790	MODERATE	100.0	0.6345280624019441	3.1687631027253715	0.3035076664566267	1.0	0.0800963395398329	0.4667	0.1333	0.3333	0.2514	0.0	0.939818	0.650945	6.534032	1.0	0.0	1	0	0.154236	-0.104805
MARKER_0207	NC_002695.2	1972620	1973848	MODERATE	100.0	0.5767146154620003	5.178600488201788	0.4868852459016393	1.0	0.0984847861582856	0.9667	0.9667	0.0	0.0172	0.0	0.0	0.5	0.0	0.0	0.0	1	0	0.124327	-0.017549
MARKER_0208	NC_002695.2	1979333	1983842	MODERATE	100.0	0.5958438679002293	0.655210643015522	0.3683625860919796	1.0	0.0336276783736522	0.9667	0.9667	0.0	0.046	0.0	0.99995	0.744205	6.588719	1.0	0.0	1	0	0.120954	-0.054458
MARKER_0209	NC_002695.2	1988650	1991143	MODERATE	100.0	0.56793540176315	3.269045709703292	0.2845070422535211	1.0	0.0725133986585846	0.9333	0.9667	-0.0333	-0.0294	0.0	0.99995	0.744205	6.588719	1.0	0.0	1	0	0.08732	-0.059702
MARKER_0210	NC_002695.2	2043816	2049813	MODERATE	100.0	0.5709741301044932	9.57002334111371	0.1741526131240607	1.0	0.1427006970487113	0.4	0.3667	0.0333	-0.0478	0.0	0.779468	0.694018	4.789599	1.0	0.0	1	0	0.06878	-0.069946
MARKER_0211	NC_002695.2	2050813	2052325	MODERATE	100.0	0.5340374342651729	8.662590879048246	0.5844414893617021	1.0	0.1568084593029644	0.6333	0.8333	-0.2	-0.1538	0.0	0.779468	0.694018	4.789599	1.0	0.0	1	0	0.238863	-0.147031
MARKER_0212	NC_002695.2	2052336	2055561	MODERATE	100.0	0.625543047313364	0.2129572225666436	0.3593410009325458	1.0	0.0288990736152326	0.9667	1.0	-0.0333	-0.0358	0.0	0.0	0.5	0.0	0.0	0.0	1	0	0.070726	-0.02507
MARKER_0213	NC_002695.2	2110226	2111257	MODERATE	100.0	0.6261808992464294	5.344961240310077	0.4594330400782013	1.0	0.1364873296836009	0.9333	1.0	-0.0667	-0.0634	0.0	0.0	0.5	0.0	0.0	0.0	1	0	0.137185	-0.125833
MARKER_0214	NC_002695.2	2114978	2116602	MODERATE	100.0	0.5939544922124048	3.42307692307692	0.4412128712871287	1.0	0.0900359833589615	1.0	1.0	0.0	0.0011	0.0	0.803495	0.530547	2.945146	1.0	0.0	1	0	0.138652	-0.153329
MARKER_0215	NC_002695.2	2143539	2150765	MODERATE	100.0	0.6209634281119375	3.800124533001245	0.470351898032696	1.0	0.0321841376135271	0.9667	1.0	-0.0333	0.0135	0.0	0.855864	0.908073	6.446222	1.0	0.0	1	0	0.135673	-0.066544
MARKER_0216	NC_002695.2	2164217	2166670	MODERATE	100.0	0.6072250530738911	9.483700081499592	0.1415132924335378	1.0	0.1587300890655818	0.2333	0.0667	0.1667	0.2871	0.0	0.974016	0.858703	9.599511	1.0	0.0	1	0	0.067548	-0.021426
MARKER_0217	NC_002695.2	2166883	2169955	MODERATE	100.0	0.6225681656608373	8.627888057273026	0.1919060052219321	1.0	0.1540163459573091	0.2	0.0	0.2	0.3594	0.42	0.974016	0.858703	9.599511	1.0	0.0	1	0	0.117815	-0.059066
MARKER_0218	NC_002695.2	2172647	2174615	MODERATE	100.0	0.6608788913444007	3.1820721178263085	0.2872448979591837	1.0	0.1196484836630489	0.6333	0.1	0.5333	0.3774	0.4039	0.974016	0.858703	9.599511	1.0	0.0	1	0	0.122929	-0.063701
MARKER_0219	NC_002695.2	2182015	2182737	MODERATE	100.0	0.6246827687922056	7.623098201936379	0.5378151260504201	1.0	0.1953742000113117	0.6	0.1667	0.4333	0.1065	0.0	0.974016	0.858703	9.599511	1.0	0.0	1	0	0.128576	-0.083541
MARKER_0220	NC_002695.2	2183689	2185695	MODERATE	100.0	0.6174694260742426	0.674389636273041	0.3748748748748748	1.0	0.0837064216216031	0.3333	0.1	0.2333	0.1774	0.0	0.974016	0.858703	9.599511	1.0	0.0	1	0	0.177365	-0.128121
MARKER_0221	NC_002695.2	2188947	2189904	MODERATE	100.0	0.5841491771026538	4.197286012526092	0.2687038988408851	0.958	0.1241091767381458	0.2333	0.0333	0.2	0.2247	0.0	0.974016	0.858703	9.599511	1.0	0.0	1	0	0.174765	0.005986
MARKER_0222	NC_002695.2	2190709	2193203	MODERATE	100.0	0.6063987166716914	0.0410821643286567	0.3753016894609814	1.0	0.0726580377928824	0.3667	0.1333	0.2333	0.4219	0.0	0.974016	0.858703	9.599511	1.0	0.0	1	0	0.127661	-0.107662
MARKER_0223	NC_002695.2	2193975	2194418	MODERATE	100.0	0.5750593056547053	1.076576576576571	0.296551724137931	1.0	0.2431214355492703	0.3667	0.1	0.2667	0.0344	0.0	0.974016	0.858703	9.599511	1.0	0.0	1	0	0.349009	-0.198291
MARKER_0224	NC_002695.2	2195268	2195708	MODERATE	100.0	0.6459208122639474	6.509070294784578	0.4884259259259259	0.525	0.2503903161072625	0.3	0.0	0.3	0.2742	0.0	0.974016	0.858703	9.599511	1.0	0.0	1	0	0.292625	-0.077048
MARKER_0225	NC_002695.2	2196847	2198986	MODERATE	100.0	0.632335559986379	2.957943925233643	0.2768653214453308	1.0	0.1078843772845993	0.5	0.1	0.4	0.3071	0.0	0.974016	0.858703	9.599511	1.0	0.0	1	0	0.152518	-0.100651
MARKER_0226	NC_002695.2	2198002	2198986	DIVERGED	100.0	0.631357982683704	0.4644670050761448	0.3268442622950819	0.93	0.1494844823641996	0.5	0.1	0.4	0.3627	0.0	0.974016	0.858703	9.599511	1.0	0.0	2	1	0.174514	-0.108036
MARKER_0227	NC_002695.2	2200064	2200533	MODERATE	100.0	0.6149230704500547	1.5638297872340416	0.3991323210412147	0.689	0.1975333134790056	0.6333	0.2667	0.3667	0.1151	0.0	0.974016	0.858703	9.599511	1.0	0.0	1	0	0.169011	-0.057694
MARKER_0228	NC_002695.2	2201240	2204371	MODERATE	100.0	0.5909981133080452	4.618773946360157	0.483829650976625	1.0	0.0702097127464579	0.6333	0.7667	-0.1333	0.1492	0.0	0.974016	0.858703	9.599511	1.0	0.0	1	0	0.27373	-0.155125
MARKER_0229	NC_002695.2	2205811	2206651	DIVERGED	100.0	0.5222159255574607	4.196789536266351	0.2403846153846154	1.0	0.151357976003882	0.3667	0.0333	0.3333	0.386	0.9332	0.974016	0.858703	9.599511	1.0	0.0	2	1	0.102847	-0.043746
MARKER_0230	NC_002695.2	2205811	2206651	MODERATE	100.0	0.5222159255574607	4.196789536266351	0.2403846153846154	0.841	0.151357976003882	0.3667	0.0333	0.3333	0.386	0.9332	0.974016	0.858703	9.599511	1.0	0.0	1	0	0.102847	-0.043746
MARKER_0231	NC_002695.2	2206653	2208846	MODERATE	100.0	0.6529874867266283	6.200091157702829	0.2141876430205949	1.0	0.1192515228796589	0.2667	0.1333	0.1333	0.4148	0.9332	0.974016	0.858703	9.599511	1.0	0.0	1	0	0.147163	-0.091278
MARKER_0232	NC_002695.2	2209096	2209565	DIVERGED	100.0	0.6729859701680968	1.3510638297872362	0.3796095444685466	1.0	0.1995839457381185	0.4333	0.0333	0.4	0.386	0.0	0.974016	0.858703	9.599511	1.0	0.0	2	1	0.054095	-0.042563
MARKER_0233	NC_002695.2	2209097	2209564	MODERATE	100.0	0.5330051396728982	1.3547008547008588	0.3812636165577342	0.468	0.2000989710189927	0.4333	0.0333	0.4	0.386	0.0	0.974016	0.858703	9.599511	1.0	0.0	1	0	0.054095	-0.042563
MARKER_0234	NC_002695.2	2210751	2212296	MODERATE	100.0	0.578256223147593	2.4404915912031058	0.4528301886792453	1.0	0.1465214120156117	0.2667	0.0	0.2667	0.3082	0.0	0.974016	0.858703	9.599511	1.0	0.0	1	0	0.207361	-0.163647
MARKER_0235	NC_002695.2	2212836	2234174	MODERATE	100.0	0.6138405949610795	6.386452036177893	0.2261134552273792	1.0	0.0958386863880632	0.6	0.1333	0.4667	0.3188	0.6515	0.974016	0.858703	9.599511	1.0	0.0	1	0	0.13659	-0.054318
MARKER_0236	NC_002695.2	2221267	2222121	DIVERGED	100.0	0.6786421820215464	5.28947368421052	0.235224586288416	1.0	0.1858596354863378	0.4667	0.0667	0.4	0.3849	0.4792	0.974016	0.858703	9.599511	1.0	0.0	2	1	0.095248	-0.054242
MARKER_0237	NC_002695.2	2222396	2223117	DIVERGED	100.0	0.6226549317519473	5.732686980609415	0.2622720897615708	0.72	0.1907859030332482	0.4333	0.0667	0.3667	0.3849	0.4792	0.974016	0.858703	9.599511	1.0	0.0	2	1	0.095248	-0.054242
MARKER_0238	NC_002695.2	2235822	2236684	MODERATE	100.0	0.613859310454461	0.0944380069524868	0.3793911007025761	1.0	0.1320562621367319	0.2333	0.0333	0.2	0.1832	0.0	0.974016	0.858703	9.599511	1.0	0.0	1	0	0.148998	-0.100088
MARKER_0239	NC_002695.2	2240585	2249803	MODERATE	100.0	0.6117434315293577	0.3318689662653256	0.3701411509229099	1.0	0.0316154521652504	0.8	0.3667	0.4333	0.2958	0.0	0.974016	0.858703	9.599511	1.0	0.0	1	0	0.216856	-0.13358
MARKER_0240	NC_002695.2	2247078	2247352	DIVERGED	100.0	0.6203420521034688	2.5909090909090864	0.2744360902255639	0.275	0.2742897559784021	0.6333	0.3333	0.3	0.4172	0.0	0.974016	0.858703	9.599511	1.0	0.0	2	1	0.123066	-0.119079
MARKER_0241	NC_002695.2	2250246	2254996	MODERATE	100.0	0.5863321031241796	3.3730793517154325	0.4447490510333193	1.0	0.07558124169969	0.9667	1.0	-0.0333	0.0492	0.0	0.974016	0.858703	9.599511	1.0	0.0	1	0	0.250458	-0.106666
MARKER_0242	NC_002695.2	2433350	2433612	DIVERGED	100.0	0.738797684355015	4.872623574144484	0.4645669291338583	0.483	0.3127726449492338	0.9667	1.0	-0.0333	-0.0645	0.0	0.0	0.5	0.0	0.0	0.0	2	1	0.104885	-0.10603
MARKER_0243	NC_002695.2	2596276	2597353	MODERATE	100.0	0.6305454514636006	5.880333951762523	0.4892422825070159	1.0	0.1317173118242024	0.5333	0.0333	0.5	0.4249	0.0	0.0	0.5	0.0	0.0	0.0	1	0	0.211463	-0.067267
MARKER_0244	NC_002695.2	2597608	2603456	MODERATE	100.0	0.6248369885273647	4.774405881347242	0.2549657534246575	1.0	0.0676959359599422	0.5333	0.0667	0.4667	0.3974	0.0	0.0	0.5	0.0	0.0	0.0	1	0	0.179188	-0.072765
MARKER_0245	NC_002695.2	2603749	2604813	MODERATE	100.0	0.6107345367598417	3.772300469483568	0.2604166666666667	1.0	0.1388739500417788	0.3667	0.0	0.3667	0.5876	0.0	0.0	0.5	0.0	0.0	0.0	1	0	0.117127	-0.067564
MARKER_0246	NC_002695.2	2604852	2605101	MODERATE	100.0	0.6369095861564068	1.1000000000000014	0.3360995850622407	0.404	0.2568181614706463	0.4333	0.1333	0.3	0.0441	0.0	0.0	0.5	0.0	0.0	0.0	1	0	0.19872	-0.090078
MARKER_0247	NC_002695.2	2606104	2613224	MODERATE	100.0	0.6337353239158128	2.456045499227635	0.3111642294713161	1.0	0.0482220617552324	0.7667	0.7667	0.0	0.3593	0.8206	0.0	0.5	0.0	0.0	0.0	1	0	0.113027	-0.08596
MARKER_0248	NC_002695.2	2624512	2624847	MODERATE	100.0	0.5755035144047309	4.261904761904766	0.1773700305810397	1.0	0.3010358626982675	0.8333	0.7667	0.0667	0.2892	0.0	0.889489	0.581431	3.78257	1.0	0.0	1	0	0.123497	-0.006262
MARKER_0249	NC_002695.2	2625753	2627065	DIVERGED	100.0	0.6280973678569373	1.223533891850728	0.3773006134969325	1.0	0.1064300330462411	0.9667	0.8	0.1667	0.1495	0.0	0.889489	0.581431	3.78257	1.0	0.0	2	1	0.109257	-0.007493
MARKER_0250	NC_002695.2	2635364	2641199	MODERATE	100.0	0.6161163261717892	0.859835503769709	0.3954007207825639	1.0	0.0282421565759081	0.9667	0.8	0.1667	0.1533	0.0	0.722079	0.680112	4.007727	1.0	0.0	1	0	0.125814	-0.051116
MARKER_0251	NC_002695.2	2659058	2659260	DIVERGED	100.0	0.5180998527639596	4.194581280788178	0.4639175257731959	1.0	0.4022315995020882	0.3	0.5333	-0.2333	-0.2409	0.0	0.783253	0.749142	4.053834	1.0	0.0	2	1	0.144112	0.019208
MARKER_0252	NC_002695.2	2672071	2672943	MODERATE	100.0	0.6369775188975974	3.910080183276058	0.2766203703703703	1.0	0.1675927256120146	0.2	0.0	0.2	0.2575	0.0	0.953241	0.674731	6.876873	1.0	0.0	1	0	0.080649	-0.062533
MARKER_0253	NC_002695.2	2680838	2683406	MODERATE	100.0	0.6176953212870439	5.669715842740366	0.216796875	1.0	0.1057583857889401	0.4333	0.1	0.3333	0.4355	0.4039	0.953241	0.674731	6.876873	1.0	0.0	1	0	0.098019	-0.033239
MARKER_0254	NC_002695.2	2691760	2692805	MODERATE	100.0	0.6179489429228738	0.4043977055449375	0.3857280617164899	1.0	0.112843194426888	0.7667	0.8	-0.0333	0.1527	0.0	0.953241	0.674731	6.876873	1.0	0.0	1	0	0.224698	-0.122794
MARKER_0255	NC_002695.2	2692204	2692769	DIVERGED	100.0	0.5938538121848035	3.38692579505301	0.2980251346499102	1.0	0.1474677978298971	0.7333	0.8	-0.0667	-0.0613	0.0	0.953241	0.674731	6.876873	1.0	0.0	2	1	0.102778	-0.050667
MARKER_0256	NC_002695.2	2698067	2701252	MODERATE	100.0	0.6081536727487988	0.9752040175768996	0.3478124016367642	1.0	0.0495514638472096	0.5333	0.2	0.3333	0.3844	0.0	0.953241	0.674731	6.876873	1.0	0.0	1	0	0.167647	-0.130659
MARKER_0257	NC_002695.2	2702086	2702524	MODERATE	100.0	0.5446158748558376	8.130979498861045	0.5116279069767442	1.0	0.2676889409684326	0.2	0.0	0.2	0.1774	0.0	0.953241	0.674731	6.876873	1.0	0.0	1	0	0.366152	-0.077466
MARKER_0258	NC_002695.2	2705654	2707415	MODERATE	100.0	0.5694343286465781	4.813280363223612	0.4746149458071876	1.0	0.1016126084855069	0.2667	0.0333	0.2333	0.225	0.0	0.953241	0.674731	6.876873	1.0	0.0	1	0	0.2292	-0.123848
MARKER_0259	NC_002695.2	2709074	2713333	MODERATE	100.0	0.5646132345086213	3.856807511737088	0.4537755822159492	1.0	0.0673357504265789	1.0	1.0	0.0	0.1704	0.0	0.953241	0.674731	6.876873	1.0	0.0	1	0	0.190597	-0.121999
MARKER_0260	NC_002695.2	2713917	2714248	MODERATE	100.0	0.5767633229294127	1.3072289156626482	0.3250773993808049	1.0	0.2397629335672622	0.8667	1.0	-0.1333	-0.4462	0.0	0.0	0.5	0.0	0.0	0.0	1	0	0.045547	-0.09532
MARKER_0261	NC_002695.2	2718068	2721240	MODERATE	100.0	0.6586465932897346	0.7048534509927507	0.3666245259165613	1.0	0.0938216715119983	0.9333	1.0	-0.0667	-0.4462	0.0	0.0	0.5	0.0	0.0	0.0	1	0	0.045547	-0.09532
MARKER_0262	NC_002695.2	2741956	2743268	MODERATE	100.0	0.6539301631643128	2.736862147753236	0.2806748466257668	1.0	0.1174041343111186	0.7667	0.2333	0.5333	0.5616	0.0	0.826728	0.594652	4.476203	1.0	0.0	1	0	0.105073	-0.075724
MARKER_0263	NC_002695.2	2746528	2751160	MODERATE	100.0	0.6343139695382246	0.9569393481545418	0.3434256055363321	1.0	0.0611105294294112	0.8333	0.8333	0.0	0.2962	0.0	0.826728	0.594652	4.476203	1.0	0.0	1	0	0.12307	-0.036453
MARKER_0264	NC_002695.2	2762054	2773512	MODERATE	100.0	0.6206504952613527	0.8133781307269388	0.3472489082969432	1.0	0.0185824969563364	1.0	1.0	0.0	-0.0087	0.0	0.978821	0.772351	7.341585	1.0	0.0	1	0	0.016661	-0.009308
MARKER_0265	NC_002695.2	2772060	2773484	DIVERGED	100.0	0.5615889865571935	0.1666666666666714	0.3580508474576271	1.0	0.1123397860369931	0.9667	1.0	-0.0333	0.0	0.0	0.0	0.5	0.0	0.0	0.0	2	1	0.0	0.0
MARKER_0266	NC_002695.2	2775627	2777699	MODERATE	100.0	0.5527991969924112	2.019536903039075	0.4239341085271317	1.0	0.0830730719544173	0.2667	0.2	0.0667	0.114	0.0	0.978821	0.772351	7.341585	1.0	0.0	1	0	0.180038	-0.068027
MARKER_0267	NC_002695.2	2787677	2788627	MODERATE	100.0	0.5862361362538603	0.7628811777076763	0.3619957537154989	1.0	0.1151457237993556	0.9333	0.9333	0.0	0.0667	0.0	0.978821	0.772351	7.341585	1.0	0.0	1	0	0.049332	-0.034926
MARKER_0268	NC_002695.2	2787755	2788622	DIVERGED	100.0	0.5807843213119646	0.5368663594470107	0.3271245634458672	0.868	0.1273499248360027	0.9333	0.9333	0.0	0.0667	0.0	0.978821	0.772351	7.341585	1.0	0.0	2	1	0.049332	-0.034926
MARKER_0269	NC_002695.2	2790004	2794072	MODERATE	100.0	0.5878265637683927	1.2326124354878374	0.3332512315270935	1.0	0.0428750489546624	0.9333	0.9	0.0333	0.0355	0.0	0.0	0.5	0.0	0.0	0.0	1	0	0.056682	-0.0246
MARKER_0270	NC_002695.2	2826961	2841124	MODERATE	100.0	0.6162697814222455	3.856114092064388	0.2863299187566231	1.0	0.029658750952112	1.0	1.0	0.0	-0.0106	0.0	0.635967	0.869744	3.438582	1.0	0.0	1	0	0.044003	-0.012359
MARKER_0271	NC_002695.2	2861376	2863328	MODERATE	100.0	0.5785929576347162	3.290578597030205	0.4593621399176955	1.0	0.0968054879274924	0.9667	0.8333	0.1333	0.1492	0.0	0.879688	0.926759	7.508892	1.0	0.0	1	0	0.202067	-0.061277
MARKER_0272	NC_002695.2	2864299	2890910	MODERATE	100.0	0.5977106495097744	1.2891176912671014	0.3994662256136526	1.0	0.0156245024558745	1.0	1.0	0.0	0.0417	0.0	0.970077	0.64439	5.383858	1.0	0.0	1	0	0.101072	-0.085083
MARKER_0273	NC_002695.2	2898134	2902802	MODERATE	100.0	0.637216577822424	5.700471192974945	0.2341201716738197	1.0	0.0942472212285202	0.4667	0.0	0.4667	0.2495	0.0	0.893245	0.704824	6.786234	1.0	0.0	1	0	0.074706	-0.038437
MARKER_0274	NC_002695.2	2911254	2912296	DIVERGED	100.0	0.5817251150377998	5.588207094918509	0.241779497098646	1.0	0.1505723330893285	0.1667	0.0333	0.1333	0.0312	0.0	0.893245	0.704824	6.786234	1.0	0.0	2	1	0.037123	0.03241
MARKER_0275	NC_002695.2	2918861	2923973	MODERATE	100.0	0.6012730381753287	1.8371797379229449	0.3156347962382445	1.0	0.0632639897573859	0.3667	0.0667	0.3	0.2136	0.0	0.893245	0.704824	6.786234	1.0	0.0	1	0	0.17917	-0.100236
MARKER_0276	NC_002695.2	2921264	2922398	DIVERGED	100.0	0.6300642394214785	1.306167400881051	0.3268206039076377	1.0	0.1136701479578959	0.3333	0.0667	0.2667	0.1424	0.0	0.893245	0.704824	6.786234	1.0	0.0	2	1	0.144035	-0.078531
MARKER_0277	NC_002695.2	2923681	2924526	DIVERGED	100.0	0.5862271898097449	3.28250591016549	0.2998805256869773	0.846	0.1361661282817543	0.4333	0.1	0.3333	0.3226	0.0	0.893245	0.704824	6.786234	1.0	0.0	2	1	0.066188	-0.035314
MARKER_0278	NC_002695.2	2924062	2924526	MODERATE	100.0	0.5865765646701225	2.403225806451616	0.3486842105263157	1.0	0.1793120835635933	0.3667	0.1	0.2667	0.3226	0.0	0.893245	0.704824	6.786234	1.0	0.0	1	0	0.066188	-0.035314
MARKER_0279	NC_002695.2	2926414	2926775	MODERATE	100.0	0.5764500044060034	3.091160220994474	0.2237960339943343	1.0	0.289950686146703	0.0667	0.0333	0.0333	0.2559	0.0	0.893245	0.704824	6.786234	1.0	0.0	1	0	0.152625	-0.156129
MARKER_0280	NC_002695.2	2930119	2933533	MODERATE	100.0	0.603736631268114	0.5146412884333813	0.361714621256606	1.0	0.0623251857886435	0.5333	0.3333	0.2	0.1619	0.0	0.893245	0.704824	6.786234	1.0	0.0	1	0	0.215708	-0.125217
MARKER_0281	NC_002695.2	2934505	2934880	MODERATE	100.0	0.5928527271016635	5.553191489361701	0.5231607629427792	1.0	0.2831574758186643	0.1	0.1667	-0.0667	0.0	0.0	0.893245	0.704824	6.786234	1.0	0.0	1	0	1.0	0.0
MARKER_0282	NC_002695.2	2935213	2936117	MODERATE	100.0	0.5482346113697847	8.953038674033145	0.6104910714285714	0.844	0.1750854622401821	0.4333	0.2333	0.2	0.1108	0.0	0.893245	0.704824	6.786234	1.0	0.0	1	0	0.313285	-0.171228
MARKER_0283	NC_002695.2	2938002	2938658	DIVERGED	100.0	0.5818336860487394	2.163622526636225	0.3132716049382716	0.657	0.1780979187848445	0.2333	0.3	-0.0667	0.2543	0.0	0.893245	0.704824	6.786234	1.0	0.0	2	1	0.097892	-0.046496
MARKER_0284	NC_002695.2	2939133	2940084	MODERATE	100.0	0.5782223228931527	4.596638655462186	0.4549310710498409	0.952	0.1392013225028815	0.5667	0.4	0.1667	0.2935	0.0	0.893245	0.704824	6.786234	1.0	0.0	1	0	0.188026	-0.11033
MARKER_0285	NC_002695.2	2939889	2940162	DIVERGED	100.0	0.5538388339127561	0.8649635036496335	0.3584905660377358	0.306	0.3197308528294164	0.5333	0.3667	0.1667	0.2237	0.0	0.893245	0.704824	6.786234	1.0	0.0	2	1	0.147398	-0.095892
MARKER_0286	NC_002695.2	2941106	2941449	DIVERGED	100.0	0.6893223697826423	1.3720930232558146	0.4119402985074626	1.0	0.2006172105305568	0.3333	0.0667	0.2667	0.1613	0.0	0.893245	0.704824	6.786234	1.0	0.0	2	1	0.109344	-0.083906
MARKER_0287	NC_002695.2	2941406	2941637	MODERATE	100.0	0.579634251443291	1.3620689655172455	0.3721973094170404	1.0	0.325540055956505	0.3333	0.1	0.2333	0.1613	0.0	0.893245	0.704824	6.786234	1.0	0.0	1	0	0.171681	-0.087452
MARKER_0288	NC_002695.2	2941774	2942303	MODERATE	100.0	0.6909573466409709	1.1981132075471663	0.3262955854126679	1.0	0.2091117261948795	0.4333	0.0333	0.4	0.2573	0.0	0.893245	0.704824	6.786234	1.0	0.0	1	0	0.245458	-0.072672
MARKER_0289	NC_002695.2	2958176	2958456	MODERATE	100.0	0.6532494052566822	11.421708185053385	0.1838235294117647	0.931	0.3163616900100645	0.9	0.9667	-0.0667	0.0	0.0	0.935718	0.842288	7.032445	1.0	0.0	1	0	1.0	0.0
MARKER_0290	NC_002695.2	2987600	2994388	MODERATE	100.0	0.578509765613557	1.4206068640447782	0.4101769911504425	1.0	0.0433001532377518	0.9667	1.0	-0.0333	-0.0323	0.0	0.0	0.5	0.0	0.0	0.0	1	0	0.06631	-0.050153
MARKER_0291	NC_002695.2	3022115	3022568	MODERATE	100.0	0.6292394851300314	2.143171806167402	0.3348314606741573	1.0	0.2073947947297543	0.9667	0.9667	0.0	-0.0312	0.0	0.0	0.5	0.0	0.0	0.0	1	0	0.081723	-0.105062
MARKER_0292	NC_002695.2	3065495	3067938	MODERATE	100.0	0.6137388539119935	3.1824877250409145	0.2841889117043121	1.0	0.0640857660205362	1.0	1.0	0.0	-0.0161	0.0	0.0	0.5	0.0	0.0	0.0	1	0	0.024017	-0.027084
MARKER_0293	NC_002695.2	3069309	3077693	MODERATE	100.0	0.5614192959869619	1.8536076326774025	0.401862464183381	1.0	0.024083330967814	1.0	1.0	0.0	0.0055	0.0	0.0	0.5	0.0	0.0	0.0	1	0	0.05495	-0.04013
MARKER_0294	NC_002695.2	3113155	3114694	MODERATE	100.0	0.572382716239588	14.461038961038966	0.7217504898758981	1.0	0.2305575110073635	0.9667	1.0	-0.0333	-0.1419	0.0	0.80925	0.733658	4.101816	1.0	0.0	1	0	0.17959	-0.113772
MARKER_0295	NC_002695.2	3114907	3116220	MODERATE	100.0	0.5916406078086378	9.02359208523592	0.5632183908045977	1.0	0.1515355310252022	0.9667	1.0	-0.0333	-0.0323	0.0	0.80925	0.733658	4.101816	1.0	0.0	1	0	0.175346	-0.140176
MARKER_0296	NC_002695.2	3157233	3157501	MODERATE	100.0	0.5793223401047468	9.723048327137557	0.1	1.0	0.44635410735087	0.9667	1.0	-0.0333	0.0	0.0	0.0	0.5	0.0	0.0	0.0	1	0	1.0	0.0
MARKER_0297	NC_002695.2	3166075	3173996	MODERATE	100.0	0.6227813284165488	2.9713456197929844	0.2974851510173132	1.0	0.0272079013790093	1.0	1.0	0.0	-0.0081	0.0	0.0	0.5	0.0	0.0	0.0	1	0	0.024051	-0.005033
MARKER_0298	NC_002695.2	3177172	3178055	DIVERGED	100.0	0.5942094440496283	2.0837104072398205	0.4354285714285714	0.884	0.1494521962459349	0.3	0.1	0.2	0.1921	0.0	0.969371	0.96572	8.4134	1.0	0.0	2	1	0.162134	-0.107736
MARKER_0299	NC_002695.2	3178174	3182322	DIVERGED	100.0	0.604111092678378	1.70535068691251	0.3256038647342995	1.0	0.0451596828000453	0.9667	1.0	-0.0333	-0.167	0.0	0.969371	0.96572	8.4134	1.0	0.0	2	1	0.0498	0.006215
MARKER_0300	NC_002695.2	3182883	3188365	MODERATE	100.0	0.6383117131601511	1.0046507386467312	0.3414322250639386	1.0	0.0328044191377522	1.0	1.0	0.0	-0.0247	0.0	0.969371	0.96572	8.4134	1.0	0.0	1	0	0.016166	-0.008433
MARKER_0301	NC_002695.2	3188907	3189203	DIVERGED	100.0	0.7911343812983412	2.3518518518518547	0.3784722222222222	1.0	0.308099088301501	0.9667	1.0	-0.0333	-0.0914	0.0	0.0	0.5	0.0	0.0	0.0	2	1	0.046835	0.020175
MARKER_0302	NC_002695.2	3189985	3190509	MODERATE	100.0	0.6968084190113543	14.5	0.7209302325581395	1.0	0.3131514253825705	0.5667	0.8	-0.2333	0.1226	0.0	0.0	0.5	0.0	0.0	0.0	1	0	0.326116	-0.131
MARKER_0303	NC_002695.2	3195097	3195398	MODERATE	100.0	0.5467509480357274	4.135761589403977	0.2696245733788396	0.215	0.2854819658190888	0.3333	0.0333	0.3	0.1935	0.0	0.932548	0.774539	6.842141	1.0	0.0	1	0	0.237895	-0.178922
MARKER_0304	NC_002695.2	3196888	3197418	MODERATE	100.0	0.5853815368032953	0.0291902071563043	0.3409961685823754	0.648	0.1875505514160385	0.3	0.0667	0.2333	0.2081	0.0	0.932548	0.774539	6.842141	1.0	0.0	1	0	0.187685	-0.127299
MARKER_0305	NC_002695.2	3244346	3245034	MODERATE	100.0	0.6290816531607445	1.5885341074020332	0.388235294117647	0.845	0.1473969058367635	1.0	1.0	0.0	0.0011	0.0	0.0	0.5	0.0	0.0	0.0	1	0	0.053566	-0.088563
MARKER_0306	NC_002695.2	3269103	3271605	MODERATE	100.0	0.7339897198462964	3.914702357171393	0.301523656776263	1.0	0.0669900515479955	0.9667	1.0	-0.0333	-0.0391	0.0	0.0	0.5	0.0	0.0	0.0	1	0	0.063646	0.005156
MARKER_0307	NC_002695.2	3347234	3351455	MODERATE	100.0	0.6278122555769825	3.4791567977261906	0.2767624020887728	1.0	0.0646388443324942	1.0	1.0	0.0	0.0	0.0	0.0	0.5	0.0	0.0	0.0	1	0	0.0	0.0
MARKER_0308	NC_002695.2	3476299	3476879	MODERATE	100.0	0.6126976736466314	7.126506024096386	0.5367132867132867	0.58	0.1559822765076648	0.5667	0.0333	0.5333	0.4505	0.0	0.974203	0.65362	6.460854	1.0	0.0	1	0	0.243933	-0.044924
MARKER_0309	NC_002695.2	3483680	3485310	MODERATE	100.0	0.6450457622251157	1.8605150214592283	0.3224414303329223	1.0	0.1129889336564268	0.5	0.0667	0.4333	0.247	0.0	0.974203	0.65362	6.460854	1.0	0.0	1	0	0.134043	-0.099082
MARKER_0310	NC_002695.2	3484948	3486059	DIVERGED	100.0	0.6583200764093897	6.694244604316545	0.2330009066183136	1.0	0.1464355678288528	0.3	0.0	0.3	0.4516	0.0	0.974203	0.65362	6.460854	1.0	0.0	2	1	0.079597	-0.046803
MARKER_0311	NC_002695.2	3500273	3507646	MODERATE	100.0	0.5984206520830883	5.4633848657445085	0.4958587915818058	1.0	0.0780863429929089	0.9333	1.0	-0.0667	0.1968	0.0	0.974203	0.65362	6.460854	1.0	0.0	1	0	0.188806	-0.121654
MARKER_0312	NC_002695.2	3541933	3542206	MODERATE	100.0	0.6220442773241233	1.5948905109489004	0.460377358490566	0.274	0.3141411106597928	0.9667	1.0	-0.0333	0.0	0.0	0.0	0.5	0.0	0.0	0.0	1	0	1.0	0.0
MARKER_0313	NC_002695.2	3580276	3584226	MODERATE	100.0	0.5599552321883181	1.436218678815493	0.339167935058346	1.0	0.0407709615710569	1.0	1.0	0.0	-0.0863	0.0	0.842355	0.828611	5.696116	1.0	0.0	1	0	0.082555	-0.051861
MARKER_0314	NC_002695.2	3607386	3607627	MODERATE	100.0	0.5078681221319746	1.739669421487605	0.4763948497854077	0.242	0.3401921088010119	1.0	1.0	0.0	0.0333	0.0	0.885698	0.910035	7.338851	1.0	0.0	1	0	0.2674	-0.180999
MARKER_0315	NC_002695.2	3624314	3628445	MODERATE	100.0	0.608529451839117	5.412875121006778	0.4913897647344167	1.0	0.0565458592176298	0.9667	1.0	-0.0333	0.2471	0.8506	0.850208	0.933326	6.758732	1.0	0.0	1	0	0.12821	-0.116435
MARKER_0316	NC_002695.2	3655776	3656185	MODERATE	100.0	0.5256840846663713	0.4756097560975618	0.341645885286783	0.41	0.1942780453776953	0.9667	1.0	-0.0333	0.0	0.0	0.0	0.5	0.0	0.0	0.0	1	0	0.0	0.0
MARKER_0317	NC_002695.2	3852039	3853699	MODERATE	100.0	0.6168801077280316	3.1791089704996978	0.4249394673123486	1.0	0.0910243698424242	1.0	1.0	0.0	0.3753	0.0	0.97575	0.714485	7.016762	1.0	0.0	1	0	0.130245	-0.141233
MARKER_0318	NC_002695.2	3853305	3853699	DIVERGED	100.0	0.6571954724881343	6.955696202531648	0.4948186528497409	0.395	0.2370353657175302	0.7333	0.8	-0.0667	0.3753	0.0	0.97575	0.714485	7.016762	1.0	0.0	2	1	0.130245	-0.141233
MARKER_0319	NC_002695.2	3853702	3854364	MODERATE	100.0	0.5920609777706953	6.362745098039213	0.1743119266055046	0.663	0.1733628971845061	0.6	0.0	0.6	0.4817	0.0	0.97575	0.714485	7.016762	1.0	0.0	1	0	0.122451	-0.090026
MARKER_0320	NC_002695.2	3855350	3855639	MODERATE	100.0	0.662334095353086	8.465517241379303	0.1814946619217081	0.237	0.309087686276248	0.3	0.0333	0.2667	0.4473	0.0	0.97575	0.714485	7.016762	1.0	0.0	1	0	0.149133	-0.120932
MARKER_0321	NC_002695.2	3859255	3860707	MODERATE	100.0	0.5653144097791454	3.457329662766682	0.2797783933518005	1.0	0.0949443497798601	0.5667	0.2333	0.3333	0.3172	0.0	0.97575	0.714485	7.016762	1.0	0.0	1	0	0.141396	-0.111005
MARKER_0322	NC_002695.2	3859840	3860707	DIVERGED	100.0	0.5854350107226658	4.223502304147466	0.2805587892898719	0.868	0.1657429731976802	0.4667	0.1667	0.3	0.3172	0.0	0.97575	0.714485	7.016762	1.0	0.0	2	1	0.141396	-0.111005
MARKER_0323	NC_002695.2	3865687	3866145	DIVERGED	100.0	0.6591537006534611	1.1339869281045836	0.3511111111111111	0.459	0.2099559635216291	0.4	0.0	0.4	0.3226	0.7872	0.97575	0.714485	7.016762	1.0	0.0	2	1	0.090925	-0.113674
MARKER_0324	NC_002695.2	3865689	3866171	MODERATE	100.0	0.6294042829350319	1.0527950310559009	0.3565400843881856	0.483	0.1975622852969638	0.4	0.0	0.4	0.3226	0.7872	0.97575	0.714485	7.016762	1.0	0.0	1	0	0.090925	-0.113674
MARKER_0325	NC_002695.2	3866339	3866831	DIVERGED	99.206	0.6457715505794296	4.861054766734277	0.4669421487603306	0.493	0.209843729111181	0.3667	0.0333	0.3333	0.3226	0.7872	0.97575	0.714485	7.016762	1.0	0.0	2	1	0.090925	-0.113674
MARKER_0326	NC_002695.2	3872879	3875062	MODERATE	100.0	0.5731523340840453	3.712454212454212	0.2675862068965517	1.0	0.1109534769332776	0.6667	0.2333	0.4333	0.4914	0.617	0.97575	0.714485	7.016762	1.0	0.0	1	0	0.101959	-0.060784
MARKER_0327	NC_002695.2	3929666	3929891	DIVERGED	100.0	0.6662301078657844	14.65929203539823	0.728110599078341	0.226	0.3938555353943173	0.9667	1.0	-0.0333	-0.1226	0.0	0.0	0.5	0.0	0.0	0.0	2	1	0.359053	-0.116508
MARKER_0328	NC_002695.2	3970910	3973977	MODERATE	100.0	0.5940910575492391	5.269230769230774	0.2477933965348153	1.0	0.0722580964075598	1.0	1.0	0.0	-0.1789	0.0	0.0	0.5	0.0	0.0	0.0	1	0	0.147899	-0.057775
MARKER_0329	NC_002695.2	4014831	4016221	DIVERGED	100.0	0.7556499095917053	3.9212796549245184	0.2894356005788712	1.0	0.0938836758758782	1.0	1.0	0.0	0.0	0.0	0.0	0.5	0.0	0.0	0.0	2	1	0.0	0.0
MARKER_0330	NC_002695.2	4158342	4158681	MODERATE	100.0	0.5656348240599127	4.500000000000007	0.2447129909365558	0.34	0.2453581970196101	1.0	1.0	0.0	0.0022	0.0	0.0	0.5	0.0	0.0	0.0	1	0	0.199984	-0.160815
MARKER_0331	NC_002695.2	4268922	4269325	MODERATE	100.0	0.5984327463330672	6.92574257425742	0.2379746835443038	0.404	0.2213202816668936	0.9667	1.0	-0.0333	-0.0323	0.0	0.950911	0.883078	5.801479	1.0	0.0	1	0	0.064301	-0.035085
MARKER_0332	NC_002695.2	4333334	4336774	MODERATE	100.0	0.645906162613332	0.560738157512354	0.3461538461538461	1.0	0.0452116218934256	0.3	0.1	0.2	0.2226	0.0	0.923613	0.879485	7.811009	1.0	0.0	1	0	0.123966	-0.070387
MARKER_0333	NC_002695.2	4367634	4370838	MODERATE	100.0	0.6082127711201377	12.028861154446176	0.646433041301627	1.0	0.1441383433342993	0.9667	1.0	-0.0333	-0.0272	0.0	0.974342	0.703183	5.011042	1.0	0.0	1	0	0.150138	-0.100345
MARKER_0334	NC_002695.2	4382722	4382930	MODERATE	100.0	0.5479678351105479	8.394736842105267	0.565	0.209	0.3298542831765838	0.9333	1.0	-0.0667	0.0	0.0	0.828821	0.826179	4.730801	1.0	0.0	1	0	1.0	0.0
MARKER_0335	NC_002695.2	4383375	4388452	MODERATE	100.0	0.5878790336605529	7.687869239858216	0.5470507003353718	1.0	0.0791881951557362	1.0	1.0	0.0	-0.0566	0.0	0.671545	0.704132	3.266848	1.0	0.0	1	0	0.143845	-0.069424
MARKER_0336	NC_002695.2	4456984	4458205	DIVERGED	100.0	0.636502414615185	6.310147299508998	0.5103050288540808	1.0	0.1175901531750968	0.2667	0.0	0.2667	0.2903	0.0	0.98664	0.851358	7.307592	1.0	0.0	2	1	0.226324	-0.044432
MARKER_0337	NC_002695.2	4515277	4521356	MODERATE	100.0	0.6717948229652898	3.7072368421052673	0.4449019930818646	1.0	0.0487607857711326	1.0	1.0	0.0	0.0237	0.0	0.74224	0.851427	5.497878	1.0	0.0	1	0	0.102217	-0.056621
MARKER_0338	NC_002695.2	4518780	4519658	DIVERGED	100.0	0.6330009049721398	6.245164960182024	0.5045977011494253	0.879	0.1629470498811254	0.9	0.5667	0.3333	0.0871	0.0	0.74224	0.851427	5.497878	1.0	0.0	2	1	0.195667	-0.102191
MARKER_0339	NC_002695.2	4521745	4527987	MODERATE	100.0	0.6661618908584108	2.759650808905981	0.3039781841514276	1.0	0.0475541782287547	1.0	1.0	0.0	0.0301	0.0	0.74224	0.851427	5.497878	1.0	0.0	1	0	0.014457	-0.007315
MARKER_0340	NC_002695.2	4551917	4552267	MODERATE	100.0	0.5932203849951819	8.61965811965812	0.5847953216374269	0.351	0.2611005628936255	0.9667	1.0	-0.0333	0.4011	0.0	0.0	0.5	0.0	0.0	0.0	1	0	0.125246	-0.096898
MARKER_0341	NC_002695.2	4581104	4586091	MODERATE	100.0	0.5928061127638711	0.7205292702485977	0.3691504318136172	1.0	0.0485014025293921	0.7	0.4333	0.2667	0.2684	0.0	0.998447	0.757498	8.077923	1.0	0.0	1	0	0.169355	-0.106209
MARKER_0342	NC_002695.2	4584495	4586091	DIVERGED	100.0	0.5952878733325606	1.971509079524111	0.3778337531486146	1.0	0.099390461822175	0.4333	0.2667	0.1667	0.2984	0.0	0.998447	0.757498	8.077923	1.0	0.0	2	1	0.209166	-0.0853
MARKER_0343	NC_002695.2	4588556	4591437	MODERATE	100.0	0.5633766992141636	7.26613462873005	0.5457709711103377	1.0	0.1117905787420651	0.3	0.0	0.3	0.2968	0.0	0.998447	0.757498	8.077923	1.0	0.0	1	0	0.315282	-0.154655
MARKER_0344	NC_002695.2	4591541	4592360	DIVERGED	100.0	0.5795650539448636	4.768292682926827	0.4796547472256473	0.554	0.177535818873277	0.2333	0.0	0.2333	0.2258	0.0	0.998447	0.757498	8.077923	1.0	0.0	2	1	0.199397	-0.125938
MARKER_0345	NC_002695.2	4592452	4596371	MODERATE	100.0	0.5478193932778341	11.163265306122447	0.623114293019688	1.0	0.1257626663357145	0.3	0.0	0.3	0.2984	0.0	0.998447	0.757498	8.077923	1.0	0.0	1	0	0.235257	-0.155219
MARKER_0346	NC_002695.2	4597331	4600138	MODERATE	100.0	0.5389345828541643	8.9045584045584	0.5827081100392998	1.0	0.1091796367147633	0.3	0.0	0.3	0.2903	0.4039	0.998447	0.757498	8.077923	1.0	0.0	1	0	0.231956	-0.147897
MARKER_0347	NC_002695.2	4600552	4601980	DIVERGED	100.0	0.5896156504728864	5.363540937718689	0.4711267605633802	0.879	0.1111819941496006	0.2333	0.0	0.2333	0.2258	0.0	0.998447	0.757498	8.077923	1.0	0.0	2	1	0.174507	-0.172185
MARKER_0348	NC_002695.2	4602088	4620593	MODERATE	100.0	0.5693258561994309	14.106397924997296	0.7102773422717198	1.0	0.159831216133891	0.3	0.0	0.3	0.3077	0.6224	0.998447	0.757498	8.077923	1.0	0.0	1	0	0.33749	-0.195756
MARKER_0349	NC_002695.2	4602153	4603375	DIVERGED	100.0	0.5641599580576107	13.051103843008995	0.6828665568369028	0.777	0.1987252109826355	0.3	0.0	0.3	0.2258	0.0	0.998447	0.757498	8.077923	1.0	0.0	2	1	0.33769	-0.190853
MARKER_0350	NC_002695.2	4620852	4623843	MODERATE	100.0	0.5765093350456146	13.56818181818182	0.6956084478712705	1.0	0.163254328246015	0.3	0.0	0.3	0.3226	0.0	0.998447	0.757498	8.077923	1.0	0.0	1	0	0.267231	-0.202601
MARKER_0351	NC_002695.2	4624425	4628292	MODERATE	100.0	0.6366067838325662	2.283867631851088	0.4159108577351645	1.0	0.0395637468253217	0.9667	1.0	-0.0333	-0.0161	0.0	0.642381	0.544395	2.557732	1.0	0.0	1	0	0.071179	-0.04017
MARKER_0352	NC_002695.2	4639007	4646918	MODERATE	100.0	0.5903479546536461	2.812942366026292	0.4369226875869922	1.0	0.0296967235714818	1.0	1.0	0.0	0.0592	0.0	0.0	0.5	0.0	0.0	0.0	1	0	0.175053	-0.080981
MARKER_0353	NC_002695.2	4655675	4661639	MODERATE	100.0	0.5827918133569727	0.8327745180217931	0.3606447280053727	1.0	0.0280768506929275	1.0	1.0	0.0	-0.0359	0.0	0.802965	0.815858	4.791367	1.0	0.0	1	0	0.051599	-0.019511
MARKER_0354	NC_002695.2	4685947	4686268	MODERATE	100.0	0.5925166280997985	1.3633540372670865	0.2907348242811501	0.322	0.2383375323480603	0.9667	1.0	-0.0333	0.0	0.0	0.961793	0.910104	7.866887	1.0	0.0	1	0	0.0	0.0
MARKER_0355	NC_002695.2	4691400	4691906	DIVERGED	100.0	0.6466700131317348	21.308678500986197	0.8594377510040161	0.489	0.3666487967961233	0.2333	0.0333	0.2	0.2258	0.0	0.961793	0.910104	7.866887	1.0	0.0	2	1	0.362858	-0.173759
MARKER_0356	NC_002695.2	4692012	4695299	MODERATE	100.0	0.6364708224502204	8.316301703163013	0.5648063433973772	1.0	0.0949540302935382	1.0	1.0	0.0	0.0968	0.0	0.961793	0.910104	7.866887	1.0	0.0	1	0	0.229939	-0.103951
MARKER_0357	NC_002695.2	4776319	4780408	MODERATE	100.0	0.5937192427852137	0.6955990220048918	0.3827493261455525	1.0	0.0257200812900111	1.0	1.0	0.0	-0.0323	0.0	0.0	0.5	0.0	0.0	0.0	1	0	0.04168	-0.015439
MARKER_0358	NC_002695.2	4787974	4788227	DIVERGED	100.0	0.6022106983952779	5.618110236220474	0.5265306122448979	0.254	0.2872475766342552	0.9667	1.0	-0.0333	0.0	0.0	0.0	0.5	0.0	0.0	0.0	2	1	1.0	0.0
MARKER_0359	NC_002695.2	4877428	4878855	MODERATE	100.0	0.6125839195400736	8.76330532212885	0.569415081042988	1.0	0.13516064527589	0.9667	1.0	-0.0333	-0.1674	0.0	0.0	0.5	0.0	0.0	0.0	1	0	0.319425	-0.182782
MARKER_0360	NC_002695.2	4885601	4894805	MODERATE	100.0	0.6125218480254573	1.2550244432373745	0.3981078729882558	1.0	0.0175881546514735	1.0	1.0	0.0	-0.0953	0.0	0.728348	0.833403	4.614108	1.0	0.0	1	0	0.046495	-0.012557
MARKER_0361	NC_002695.2	4933568	4934333	MODERATE	100.0	0.5840408145535465	2.5887728459530024	0.4372523117569353	0.766	0.1450210593103195	0.3667	0.3667	0.0	0.2849	0.0	0.770659	0.823321	5.464746	1.0	0.0	1	0	0.286223	-0.126089
MARKER_0362	NC_002695.2	4934418	4935056	MODERATE	100.0	0.6049303098806845	0.9866979655712028	0.3285714285714285	0.639	0.153230350892713	0.9667	1.0	-0.0333	-0.0323	0.0	0.770659	0.823321	5.464746	1.0	0.0	1	0	0.07839	-0.016842
MARKER_0363	NC_002695.2	4985265	4985831	DIVERGED	100.0	0.7808112097811507	3.8209876543209873	0.2652329749103942	0.567	0.2541330920551266	1.0	1.0	0.0	0.0	0.0	0.0	0.5	0.0	0.0	0.0	2	1	0.0	0.0
MARKER_0364	NC_002695.2	5054207	5054947	DIVERGED	100.0	0.802719559397433	4.560728744939269	0.2636612021857923	0.741	0.1603021395400894	0.0	0.0667	-0.0667	0.0323	0.0	0.957531	0.761721	7.814807	1.0	0.0	2	1	0.056559	0.03638
MARKER_0365	NC_002695.2	5055308	5055603	DIVERGED	83.562	0.7535251675085457	8.621621621621621	0.1602787456445993	0.182	0.2976650907822891	0.0	0.0667	-0.0667	0.0323	0.0	0.957531	0.761721	7.814807	1.0	0.0	2	1	0.056559	0.03638
MARKER_0366	NC_002695.2	5060921	5061239	DIVERGED	100.0	0.5386253935888248	4.672413793103445	0.2483870967741935	0.319	0.2207815928928296	0.0	0.0333	-0.0333	0.0323	0.0	0.957531	0.761721	7.814807	1.0	0.0	2	1	0.059516	0.051897
MARKER_0367	NC_002695.2	5075774	5076303	DIVERGED	100.0	0.7564025610230566	4.594339622641506	0.2380038387715931	0.529	0.2235903658923401	0.0667	0.1	-0.0333	0.0323	0.0	0.957531	0.761721	7.814807	1.0	0.0	2	1	0.073577	-0.039766
MARKER_0368	NC_002695.2	5119052	5120143	MODERATE	100.0	0.5884720235016062	4.811355311355314	0.2594644506001847	1.0	0.1182048403474932	1.0	1.0	0.0	0.0	0.0	0.0	0.5	0.0	0.0	0.0	1	0	0.0	0.0
MARKER_0369	NC_002695.2	5149108	5149998	MODERATE	100.0	0.5907891677712304	1.3417508417508444	0.3877551020408163	0.891	0.1222858075474697	0.9667	1.0	-0.0333	-0.0323	0.0	0.0	0.5	0.0	0.0	0.0	1	0	0.141306	-0.026894
MARKER_0370	NC_002695.2	5158691	5159571	MODERATE	100.0	0.5833170151932432	2.713393870601585	0.4449541284403669	0.881	0.1168696362571298	0.9667	1.0	-0.0333	-0.0323	0.0	0.994552	0.840078	7.652483	1.0	0.0	1	0	0.042959	0.065952
MARKER_0371	NC_002695.2	5168946	5180959	MODERATE	100.0	0.6095348568182275	9.28025636757117	0.178259058725531	1.0	0.0902926506638569	1.0	1.0	0.0	-0.0181	0.0	0.994552	0.840078	7.652483	1.0	0.0	1	0	0.063206	0.009964
MARKER_0372	NC_002695.2	5283589	5283898	DIVERGED	100.0	0.6017051556913307	4.338709677419352	0.3023255813953488	0.31	0.2022736442377497	0.9667	0.9667	0.0	-0.0323	0.0	0.0	0.5	0.0	0.0	0.0	2	1	0.071833	-0.05527
MARKER_0373	NC_002695.2	5315082	5315497	MODERATE	100.0	0.5656006682579322	2.663461538461533	0.4398034398034398	0.416	0.2564501263435015	0.9667	1.0	-0.0333	-0.0323	0.0	0.0	0.5	0.0	0.0	0.0	1	0	0.135287	-0.002105
MARKER_0374	NC_002695.2	5331831	5332549	MODERATE	100.0	0.6345520391840662	20.736439499304588	0.8577464788732394	0.719	0.3273085394717601	0.6	0.8333	-0.2333	-0.143	0.0	0.893565	0.799634	5.225955	1.0	0.0	1	0	0.284653	-0.191366
MARKER_0375	NC_002695.2	5331831	5332634	DIVERGED	100.0	0.633008070600789	20.40049751243781	0.8540880503144654	0.798	0.3256113912523576	0.6	0.8333	-0.2333	-0.143	0.0	0.893565	0.799634	5.225955	1.0	0.0	2	1	0.284653	-0.191366
MARKER_0376	NC_002695.2	5332943	5334517	MODERATE	100.0	0.6621347850177891	0.4047619047619051	0.3601532567049808	1.0	0.0697884719753011	1.0	1.0	0.0	0.0	0.0	0.893565	0.799634	5.225955	1.0	0.0	1	0	0.0	0.0
MARKER_0377	NC_002695.2	5334547	5335011	MODERATE	100.0	0.6396722099177508	0.8225806451612883	0.3771929824561403	0.465	0.1787117583484428	0.9667	1.0	-0.0333	0.0	0.0	0.0	0.5	0.0	0.0	0.0	1	0	0.0	0.0
MARKER_0378	NC_002695.2	5345911	5347211	MODERATE	100.0	0.6474152887301294	3.842813220599538	0.3018575851393189	1.0	0.0911683659826105	1.0	1.0	0.0	0.0333	0.0	0.965059	0.776182	8.034051	1.0	0.0	1	0	0.042761	0.004342
MARKER_0379	NC_002695.2	5348138	5349381	MODERATE	100.0	0.636720192698314	4.59967845659164	0.4785425101214575	1.0	0.1366682413906368	0.1667	0.1	0.0667	0.128	0.0	0.965059	0.776182	8.034051	1.0	0.0	1	0	0.146031	-0.138106
MARKER_0380	NC_002695.2	5351335	5353879	MODERATE	100.0	0.5591418042763612	0.9518664047151262	0.375788643533123	1.0	0.061728712031251	0.2333	0.0667	0.1667	0.1699	0.0	0.965059	0.776182	8.034051	1.0	0.0	1	0	0.188349	-0.142821
MARKER_0381	NC_002695.2	5353216	5353879	DIVERGED	100.0	0.5694083106769429	2.51204819277109	0.2977099236641221	0.659	0.1664213132656272	0.2333	0.0667	0.1667	0.1914	0.0	0.965059	0.776182	8.034051	1.0	0.0	2	1	0.14551	-0.171421
MARKER_0382	NC_002695.2	5356407	5359337	MODERATE	100.0	0.5974573003101898	4.7476970317297855	0.4712525667351129	1.0	0.0611443125737828	0.8	0.8333	-0.0333	0.2659	0.5618	0.965059	0.776182	8.034051	1.0	0.0	1	0	0.105052	-0.119817
MARKER_0383	NC_002695.2	5359518	5359834	MODERATE	100.0	0.599672716038555	3.1813880126182994	0.4318181818181818	0.317	0.2389321643846849	0.7333	0.7667	-0.0333	0.1925	0.5618	0.965059	0.776182	8.034051	1.0	0.0	1	0	0.194663	-0.098788
MARKER_0384	NC_002695.2	5380333	5380799	MODERATE	100.0	0.6295881353469128	4.033190578158454	0.4694323144104803	0.142	0.2169331730266827	0.1667	0.0333	0.1333	0.1269	0.0	0.965059	0.776182	8.034051	1.0	0.0	1	0	0.015207	-0.003133
MARKER_0385	NC_002695.2	5390822	5391439	MODERATE	100.0	0.6390775100676579	7.266990291262132	0.2364532019704433	0.555	0.1872772090662268	0.3333	0.5333	-0.2	-0.1452	0.0	0.965059	0.776182	8.034051	1.0	0.0	1	0	0.092105	-0.154621
MARKER_0386	NC_002695.2	5391078	5391545	DIVERGED	100.0	0.5838967586311851	8.901709401709404	0.1633986928104575	0.468	0.2231425859043574	0.3333	0.5333	-0.2	-0.1452	0.0	0.965059	0.776182	8.034051	1.0	0.0	2	1	0.092105	-0.154621
MARKER_0387	NC_002695.2	5397712	5398017	MODERATE	100.0	0.5879596430877057	18.147058823529413	0.7474747474747475	0.306	0.3859867200464877	0.8667	0.8667	0.0	0.0	0.0	0.0	0.5	0.0	0.0	0.0	1	0	1.0	0.0
MARKER_0388	NC_002695.2	5403337	5405006	MODERATE	100.0	0.6341823316853087	0.0209580838323333	0.3558097531607465	1.0	0.0655224274070392	0.9667	0.9667	0.0	-0.0939	0.0	0.0	0.5	0.0	0.0	0.0	1	0	0.129496	-0.052941
MARKER_0389	NC_002695.2	5422086	5424063	DIVERGED	100.0	0.6253757802290475	0.1461071789686556	0.3783646521076688	1.0	0.0656921332864473	0.9667	0.9	0.0667	0.0677	0.0	0.93381	0.839751	7.260787	1.0	0.0	2	1	0.109711	-0.092054
MARKER_0390	NC_002695.2	5426967	5429191	MODERATE	100.0	0.6707311020853353	3.387640449438201	0.2919675090252707	1.0	0.0660039765568588	1.0	0.9333	0.0667	0.0892	0.0	0.93381	0.839751	7.260787	1.0	0.0	1	0	0.103159	-0.023628
MARKER_0391	NC_002695.2	5429605	5438957	MODERATE	100.0	0.6049796700730268	2.0128835667700145	0.4193065068493151	1.0	0.0165452121006254	0.9667	0.9333	0.0333	0.0905	0.6515	0.9014	0.677096	5.651223	1.0	0.0	1	0	0.120054	-0.089126
MARKER_0392	NC_002695.2	5453451	5454064	DIVERGED	100.0	0.5817867752238953	3.105863192182412	0.4512396694214876	0.614	0.1762214470817962	0.9333	0.9	0.0333	0.0355	0.0	0.0	0.5	0.0	0.0	0.0	2	1	0.081557	-0.083077
MARKER_0393	NC_002127.1	1	931	MODERATE	100.0	0.6150222979822569	0.7352309344790626	0.3318872017353579	0.931	0.1279778431593627	0.0667	0.0333	0.0333	0.0312	0.0	0.982235	0.5	3.979916	1.0	0.0	1	0	0.305784	-0.208279
MARKER_0394	NC_002127.1	2495	3306	MODERATE	100.0	0.5361456874037035	2.948275862068961	0.2926525529265255	0.812	0.1857134541190601	0.3333	0.2	0.1333	0.0	0.0	0.982235	0.5	3.979916	1.0	0.0	1	0	1.0	0.0
MARKER_0395	NC_002127.1	2656	3188	DIVERGED	100.0	0.5323683244792043	6.910881801125704	0.183206106870229	0.533	0.2473890678974805	0.3333	0.2	0.1333	0.0	0.0	0.982235	0.5	3.979916	1.0	0.0	2	1	1.0	0.0
MARKER_0396	NC_002128.1	1	14272	MODERATE	100.0	0.6015021090067002	0.4879484304932688	0.3488045993129075	1.0	0.0449923260113627	0.2	0.0	0.2	0.2166	0.0	0.954106	0.5	5.456227	1.0	0.0	1	0	0.146215	-0.144784
MARKER_0397	NC_002128.1	14303	15708	MODERATE	100.0	0.574343459881184	0.428876244665723	0.3414459556191839	1.0	0.108712109545023	0.9667	0.8333	0.1333	-0.0892	0.0	0.954106	0.5	5.456227	1.0	0.0	1	0	0.164752	-0.15627
MARKER_0398	NC_002128.1	21138	21687	DIVERGED	100.0	0.4895443515852978	11.590909090909092	0.6358595194085028	0.482	0.2467992794496547	0.2333	0.0333	0.2	0.2258	0.515	0.954106	0.5	5.456227	1.0	0.0	2	1	0.315343	-0.244546
MARKER_0399	NC_002128.1	24073	26733	MODERATE	100.0	0.608351739189865	0.9844043592634364	0.3661387631975867	1.0	0.0763031627749986	0.6333	0.2	0.4333	0.3102	0.0	0.954106	0.5	5.456227	1.0	0.0	1	0	0.224114	-0.122795
MARKER_0400	NC_002128.1	24697	25057	DIVERGED	100.0	0.6589826532968974	8.22576177285319	0.1676136363636363	0.361	0.2666279950165836	0.6333	0.2	0.4333	0.4452	0.0	0.954106	0.5	5.456227	1.0	0.0	2	1	0.109343	-0.121882
MARKER_0401	NC_002128.1	28265	30044	MODERATE	100.0	0.6137109319370954	0.6797752808988733	0.3370976849237719	1.0	0.089931123682285	0.5333	0.2	0.3333	0.3165	0.6267	0.954106	0.5	5.456227	1.0	0.0	1	0	0.144057	-0.069694
MARKER_0402	NC_002128.1	32617	35261	MODERATE	100.0	0.591130632872679	4.034971644612476	0.4795144157814871	1.0	0.0956068570529794	0.3667	0.2	0.1667	0.1871	0.0	0.954106	0.5	5.456227	1.0	0.0	1	0	0.177729	-0.164733
MARKER_0403	NC_002128.1	38070	51671	MODERATE	100.0	0.6370160057433143	7.190045581532125	0.210843816670345	1.0	0.0805516409469651	0.7333	0.2667	0.4667	0.2671	0.496	0.954106	0.5	5.456227	1.0	0.0	1	0	0.141927	-0.053461
MARKER_0404	NC_002128.1	53762	54189	MODERATE	100.0	0.6541958112899341	5.873831775700936	0.5346062052505967	0.428	0.2618177888751033	0.1333	0.0333	0.1	0.128	0.0	0.954106	0.5	5.456227	1.0	0.0	1	0	0.241009	-0.140529
MARKER_0405	NC_002128.1	54719	55210	DIVERGED	100.0	0.6509567814180824	0.3130081300813074	0.3685300207039337	0.492	0.1579959610054564	0.7667	0.8667	-0.1	0.1613	0.0	0.954106	0.5	5.456227	1.0	0.0	2	1	0.134737	-0.055774
MARKER_0406	NC_002128.1	54874	55566	MODERATE	100.0	0.5639057643187307	0.4379509379509372	0.3464912280701754	0.646	0.1217823286776519	0.7667	0.8667	-0.1	0.1613	0.0	0.954106	0.5	5.456227	1.0	0.0	1	0	0.130583	-0.069104
MARKER_0407	NC_002128.1	55848	65514	MODERATE	100.0	0.5878247065020418	19.125219820006205	0.8219092979913025	1.0	0.2646019703163965	0.3667	0.1	0.2667	0.2581	0.0	0.954106	0.5	5.456227	1.0	0.0	1	0	0.385971	-0.233869
MARKER_0408	NC_002128.1	65636	65865	MODERATE	100.0	0.715222546849121	5.152173913043477	0.2669683257918552	0.23	0.2865453543613212	0.4333	0.0667	0.3667	0.3828	0.0	0.954106	0.5	5.456227	1.0	0.0	1	0	0.155197	-0.032256
MARKER_0409	NC_002128.1	66339	71027	MODERATE	100.0	0.6086336840952056	3.0935167413094438	0.2980769230769231	1.0	0.0983333075587321	0.7	0.2333	0.4667	0.4043	0.4204	0.954106	0.5	5.456227	1.0	0.0	1	0	0.200734	-0.125621
MARKER_0410	NC_002128.1	71581	75176	MODERATE	100.0	0.6134180006711286	0.4165739710789822	0.3897407304153889	1.0	0.0661058579967927	0.7333	0.2667	0.4667	0.2496	0.0	0.954106	0.5	5.456227	1.0	0.0	1	0	0.232349	-0.151921
MARKER_0411	NC_002128.1	75286	75500	MODERATE	100.0	0.5391590989474968	6.244186046511622	0.1553398058252427	0.199	0.3254613851886079	0.4	0.0	0.4	0.0	0.0	0.954106	0.5	5.456227	1.0	0.0	1	0	1.0	0.0
MARKER_0412	NC_002128.1	76110	76757	MODERATE	100.0	0.6188955104119517	5.055555555555557	0.2394366197183098	0.648	0.2003819721579079	0.4667	0.1	0.3667	0.3441	0.0	0.954106	0.5	5.456227	1.0	0.0	1	0	0.122651	-0.128842
MARKER_0413	NC_002128.1	83817	84670	MODERATE	100.0	0.7301242218685937	1.37353629976581	0.3278106508875739	0.845	0.1679925275218609	0.2	0.0333	0.1667	0.1602	0.0	0.954106	0.5	5.456227	1.0	0.0	1	0	0.079767	-0.082413
MARKER_0414	NC_002128.1	84042	84661	DIVERGED	100.0	0.7266429502916313	0.3064516129032242	0.3436988543371522	0.62	0.2032061886393573	0.2	0.0333	0.1667	0.1602	0.0	0.954106	0.5	5.456227	1.0	0.0	2	1	0.079767	-0.082413
MARKER_0415	NC_002128.1	91660	91870	MODERATE	100.0	0.6625347807156149	3.580568720379148	0.396039603960396	0.204	0.3766742695412196	0.5	0.7667	-0.2667	0.0	0.0	0.954106	0.5	5.456227	1.0	0.0	1	0	1.0	0.0
