blastn_identity	cai_score	gc_delta	srna_density	align_coverage	kmer_deviation	presence_pathogenic	presence_non_pathogenic	pangenome_score	anvio_cluster_score	mean_divergence	flank_conservation_2000bp	marker_score_2000bp	proportion_high_windows	proportion_mid_windows	marker_id
0.0	0.28388724	-0.19175878	-0.061381266	-0.2347162	0.3809688	-0.07864235	-0.4468487	-0.29719248	-0.44090408	-0.009113528	-0.060718395	-0.043845054	0.0	0.0	MARKER_0001
0.0	0.17524031	-0.44294652	-0.097526	-0.09844353	-3.0369337	-0.06274539	-0.22028755	-0.2138801	-0.33004513	-0.15267374	-0.20787507	-0.08035086	0.0	0.0	MARKER_0002
0.0	-1.0510125	-0.871839	-0.9780512	-0.30069688	0.28947023	-0.15666936	0.061805427	-0.01630916	-0.24355413	-0.28037384	-0.12184803	-0.1821272	0.0	0.0	MARKER_0003
0.0	0.05052241	-0.005089802	0.08799765	-0.08767606	-3.065502	-0.0393703	-0.1852666	-0.1580855	-0.36380258	-0.06291882	-0.18275742	-0.06921166	0.0	0.0	MARKER_0004
0.0	-0.12217648	0.07630121	0.019627178	-0.07754782	0.6196579	-0.20293973	-0.41207957	-0.2873833	-0.2335663	-0.00550983	-0.056368656	-0.092032835	0.0	0.0	MARKER_0005
0.0	-0.008477408	0.40108097	0.44503134	-0.06777865	0.61404955	-0.19554706	-0.30963975	-0.23153163	-0.23345248	0.01243176	-0.048644975	-0.054886878	0.0	0.0	MARKER_0006
0.0	-0.3507633	0.061371595	0.11355274	0.355797	0.55568016	-0.15008782	-0.281796	-0.15034851	-0.071115576	0.07163377	0.49840412	0.5971616	0.0	0.0	MARKER_0007
0.0	-0.28344545	-0.3071787	0.009164947	-0.07789318	-2.413426	-0.110194914	-0.27939436	-0.15649962	-0.2238965	0.061867867	0.7199723	0.55544627	0.0	0.0	MARKER_0008
0.0	-0.60629797	0.10014789	-0.3305435	0.25880802	0.28818053	0.048433952	-0.1087287	0.06248235	-0.13017318	-0.053380806	0.49208993	0.21960934	0.0	0.0	MARKER_0009
0.0	-0.5029009	0.18178798	-0.15692274	-0.05513656	0.19159332	0.3765087	0.046011724	0.1665779	0.015704034	-0.099100746	0.61915374	0.31703135	0.0	0.0	MARKER_0010
0.0	-0.6669798	-0.29410136	-0.4838273	-0.13389492	0.5710621	-0.22837043	-0.5315194	-0.36520776	-0.022977121	-0.064921565	-0.086439885	-0.09889222	0.0	0.0	MARKER_0011
0.0	2.2844703	-0.09885938	-0.1621972	-0.019979708	0.63448954	-0.047623664	-0.07425059	0.05581555	0.054513674	0.0060808053	-0.092317216	-0.04676399	0.0	0.0	MARKER_0012
0.0	-0.72271544	-0.32374528	-0.19214965	-0.09635007	-1.4517276	-0.19787598	-0.48020056	-0.32827106	-0.16153817	-0.22079729	-0.20030518	-0.20060332	0.0	0.0	MARKER_0013
0.0	-0.75045085	-0.6929259	-1.4678712	-0.24815756	0.39232317	-0.24701309	-0.057927664	-0.12782921	-0.1799135	-0.17686397	-0.06795499	0.17459153	0.0	0.0	MARKER_0014
0.0	-0.08813248	0.27545434	0.5246091	-0.029947314	0.26234153	0.023169758	0.10827094	0.08146313	-0.24319474	0.017190836	0.005072023	0.34501973	0.0	0.0	MARKER_0015
0.0	-0.30868182	-0.875136	0.28019384	-0.11084839	0.15679255	-0.045045372	0.041721676	0.01877198	-0.40006444	-0.011451708	-0.06328523	0.19099781	0.0	0.0	MARKER_0016
0.0	0.20101558	0.19063376	0.3180287	-0.010998377	0.2501011	0.04288735	0.11773958	0.16187043	-0.09964231	0.042295735	0.020064231	0.28933546	0.0	0.0	MARKER_0017
0.0	0.17506057	-0.84443104	-0.80982697	-0.12316066	0.35978118	-0.2224758	-0.104551524	-0.08875133	0.1649539	-0.13850656	-0.013032884	0.0714617	0.0	0.0	MARKER_0018
0.0	0.37671474	-0.23885527	-0.5593552	-0.082941376	-1.3675061	-0.18088263	0.030115966	-0.09051081	0.1684343	-0.12571058	-0.034695953	0.15491231	0.0	0.0	MARKER_0019
0.0	1.7743255	-0.4135505	0.0040159253	-0.0059458213	0.6375432	-0.12614119	0.15978412	0.329436	0.33380365	-0.07621764	-0.03312765	0.16167086	0.0	0.0	MARKER_0020
0.0	-0.49987367	-0.628036	0.1673977	-0.09399302	-2.1900485	-0.092726626	-0.3806442	-0.27871832	-0.1619911	-0.18481746	-0.14352466	-0.16439073	0.0	0.0	MARKER_0021
0.0	-0.16836601	-0.21875246	-0.40317935	-0.12724675	0.35749748	-0.13348396	-0.3865268	-0.22500814	-0.48272	-0.21318072	-0.10529109	-0.11492918	0.0	0.0	MARKER_0022
0.0	-0.012626553	0.095518865	-0.42729127	-0.16355747	0.6075799	-0.27075016	-0.12300277	-0.18716626	-0.07208111	-0.29229197	-0.14739627	-0.15115005	0.0	0.0	MARKER_0023
0.0	-0.7184924	0.09473683	-0.5232366	-0.0499256	0.19827189	-0.24692209	0.011270994	-0.19072756	-0.018521992	-0.27670068	-0.20188004	-0.17525615	0.0	0.0	MARKER_0024
0.0	-1.0518272	-0.010684771	-0.4115298	0.2800108	0.7326963	0.012260901	-0.029001376	-0.13238418	-0.22503443	-0.35420004	-0.13993903	-0.2125805	0.0	0.0	MARKER_0025
0.0	0.36332005	-0.21400106	-0.03259682	0.014238815	-3.0903716	-0.027860481	0.095864564	-0.06258829	0.46904808	-0.19838451	-0.24030465	-0.16126502	0.0	0.0	MARKER_0026
0.0	0.6801152	-0.08399581	0.39674938	0.058413476	0.82361573	0.053039167	0.16133845	0.12398793	0.17912053	-0.14858052	-0.11099019	-0.1475111	0.0	0.0	MARKER_0027
0.0	0.4161966	0.025219746	0.086850695	0.043008164	0.7960241	0.03976543	0.1959063	-0.11666434	-0.034461305	-0.1524337	-0.10163732	-0.09062555	0.0	0.0	MARKER_0028
0.0	-0.2122282	-0.054461252	-0.8056687	-0.12869284	-2.805226	-0.12374397	0.081939034	-0.17543964	-0.31931144	-0.26313832	-0.26870227	-0.1499056	0.0	0.0	MARKER_0029
0.0	0.12549783	-1.3013679	0.10711768	-0.27932513	0.59908867	0.08572448	0.060882717	-0.13089703	0.08669606	-0.21802598	-0.16080715	-0.21563901	0.0	0.0	MARKER_0030
0.0	-0.8835043	0.20163749	-0.493553	-0.062151358	0.3942617	-0.17667161	-0.034710467	-0.23083733	-0.3407658	-0.21036536	-0.15631297	-0.23763679	0.0	0.0	MARKER_0031
0.0	-0.557094	0.29558438	0.069161385	0.024381533	0.3429264	0.16060023	-0.088013195	0.105997585	-0.1128505	-0.1789435	-0.23952793	-0.26607415	0.0	0.0	MARKER_0032
0.0	0.39234468	0.007541906	0.20372884	0.100726075	0.8379042	0.1579479	-0.106584616	0.24638757	0.053904288	-0.17906238	-0.12646107	-0.08349467	0.0	0.0	MARKER_0033
0.0	0.49354544	-0.12635927	-0.12214084	-0.047989927	-3.2216423	0.035084672	0.11112074	-0.2936111	0.06118262	-0.15023947	-0.23565078	-0.13987866	0.0	0.0	MARKER_0034
0.0	-0.58236074	-0.5845586	-0.94339836	-0.3304488	0.3967931	-0.12421111	-0.029310104	0.006465249	-0.09101067	-0.29379472	-0.089541435	-0.11906442	0.0	0.0	MARKER_0035
0.0	-0.65415573	-0.38421008	-1.3646207	-0.17789532	0.4158356	-0.1863551	0.078922704	-0.15097797	-0.30701593	-0.22877923	-0.07690941	-0.14250295	0.0	0.0	MARKER_0036
0.0	0.11915242	-0.42972443	-0.09355728	-0.10424385	-3.1050951	-0.028962744	-0.22088784	-0.20739952	-0.34200242	-0.23575506	-0.15231954	-0.19754969	0.0	0.0	MARKER_0037
0.0	-0.4584539	-0.22877301	0.10808016	-0.059967667	-3.0488882	0.15348455	-0.028613368	-0.027451558	-0.10041296	0.31845507	-0.058800314	0.03699675	0.0	0.0	MARKER_0038
0.0	-0.53500116	-0.16496702	0.21181656	-0.095899135	-2.7750592	-0.10228276	-0.37924525	-0.24209997	-0.3235466	0.10397375	-0.043482795	-0.16861643	0.0	0.0	MARKER_0039
0.0	0.4079251	-0.13851583	-0.27046388	-0.10237979	0.59944665	-0.15717335	-0.58153784	-0.47336712	-0.09715926	0.025816714	-0.08622184	-0.10241897	0.0	0.0	MARKER_0040
0.0	0.20556587	-0.060538102	-0.035205185	-0.0753022	0.6116224	-0.11051599	-0.5762427	-0.5029779	-0.21090794	-0.03866241	-0.06024913	-0.11190242	0.0	0.0	MARKER_0041
0.0	-0.38665465	-0.8659727	-0.52484673	-0.06316032	0.49946782	0.062431157	-0.11488853	-0.14951195	-0.579811	0.3101187	-0.021243272	-0.02924466	0.0	0.0	MARKER_0042
0.0	-0.673352	-0.9003367	0.16759586	-0.06721866	0.49240622	0.053719036	-0.108117536	-0.085010074	-0.58049	0.28505772	-0.05106542	-0.09323558	0.0	0.0	MARKER_0043
0.0	-0.14537649	0.21172369	-0.09363355	-0.034150623	0.51342034	0.14049321	-0.03474456	-0.13663398	0.26627392	0.40954578	9.5615746e-05	0.014922602	0.0	0.0	MARKER_0044
0.0	-0.29046214	-0.67222476	-0.050741367	-0.09903069	-0.32274	-0.39571947	-0.42436332	-0.36290467	-0.4274669	0.17571047	-0.07251453	0.035463065	0.0	0.0	MARKER_0045
0.0	0.21809766	-0.83092487	-0.64331	-0.11511873	0.41179636	-0.18872702	0.10124179	-0.108751945	0.29001668	0.18098396	-0.09728446	-0.086787686	0.0	0.0	MARKER_0046
0.0	0.6501962	0.06634095	-0.51891136	-0.023590833	0.73793054	-0.14683565	0.16198225	0.09720003	0.35957268	0.22477943	-0.08761116	-0.051326476	0.0	0.0	MARKER_0047
0.0	-0.9506878	-0.61177427	-1.4030885	-0.24361858	0.42016652	-0.2654999	0.022525448	-0.07692858	-0.10609017	-0.19467525	-0.08061966	-0.15086485	0.0	0.0	MARKER_0048
0.0	0.24336573	-0.690257	-0.93885064	-0.112664275	0.48270047	-0.16368155	-0.09543248	-0.058509983	-0.4499072	-0.11386438	-0.025086578	-0.12648463	0.0	0.0	MARKER_0049
0.0	-0.0055903066	0.12374217	0.55515635	0.38945428	0.8429837	-0.013440321	0.20373894	-0.053400878	-0.0099985255	-0.08883512	0.03499325	-0.068976246	0.0	0.0	MARKER_0050
0.0	-0.6910598	0.08168243	-1.3541161	-0.24128227	0.46121004	-0.23827367	0.044717647	-0.20841362	-0.013824444	-0.18508634	-0.087622195	-0.068828665	0.0	0.0	MARKER_0051
0.0	-0.31939965	-0.34255165	-0.1327152	-0.08503687	-2.6818905	-0.13167597	-0.41856807	-0.33106115	-0.3423167	-0.2376638	-0.02289291	-0.18115793	0.0	0.0	MARKER_0052
0.0	-0.5366511	-0.23838784	-0.34282166	-0.14231727	-2.7346504	-0.20690836	-0.4305281	-0.29582185	-0.1672403	-0.06690179	-0.21867791	-0.16063704	0.0	0.0	MARKER_0053
0.0	-0.51814014	-0.34131527	-0.13585657	-0.07581705	-2.6989584	-0.107950084	-0.37553766	-0.3232369	-0.16148211	-0.21289816	-0.03737344	-0.17830892	0.0	0.0	MARKER_0054
0.0	-0.5946451	-0.22546168	0.30992863	-0.09158861	-2.121171	-0.1361709	-0.34500986	-0.17144078	-0.091120645	0.36591005	1.2905599	0.58286047	0.0	0.0	MARKER_0055
0.0	0.14523207	1.1399424	0.23117368	-0.016764253	-1.8694764	0.001510526	0.09872386	0.105961874	0.44517756	0.32540977	1.3748072	0.36480334	0.0	0.0	MARKER_0056
0.0	0.8556544	-0.558987	-0.25468153	0.5388204	0.4324077	0.062015824	0.06450225	0.10858728	-0.012425211	0.35882774	0.6156848	0.16167589	0.0	0.0	MARKER_0057
0.0	0.66000926	-0.24919105	-1.0521178	-0.16123801	0.35500887	-0.04549911	0.089793555	-0.18855458	-0.5741705	-0.17640308	-0.112676114	-0.11380716	0.0	0.0	MARKER_0058
0.0	-0.68900937	-0.076703206	0.19402829	-0.12978196	-2.6390026	0.026705038	0.1362586	-0.07110156	-0.36975378	-0.08767475	-0.28475934	-0.2256283	0.0	0.0	MARKER_0059
0.0	-0.011045458	0.110738486	0.58112395	-0.004488489	0.48723608	-0.05310553	0.21621408	0.24887632	0.202969	-0.065028794	-0.0025381346	-0.089892946	0.0	0.0	MARKER_0060
0.0	-0.68481207	-0.1131216	0.09276616	-0.0929391	-3.0627253	-0.16898824	0.10362622	-0.07813311	0.35809407	-0.10022172	-0.21001872	-0.23310234	0.0	0.0	MARKER_0061
0.0	-0.46520582	-0.23202862	-1.5150588	-0.105980456	0.2919135	0.09085505	-0.056444608	-0.080225796	0.09502691	-0.18269725	-0.15775806	-0.08457238	0.0	0.0	MARKER_0062
0.0	-0.9992546	-0.6598182	-0.76580536	-0.22101808	0.51945317	0.10701872	-0.014079554	-0.07971949	-0.36267978	-0.240954	-0.084983155	-0.08967252	0.0	0.0	MARKER_0063
0.0	-0.8404187	-0.5448462	-1.4720478	-0.19072822	0.32809556	-0.18664223	0.009700798	-0.18575914	-0.21539566	-0.2231581	-0.05780363	-0.08217406	0.0	0.0	MARKER_0064
0.0	-0.12034407	-0.61012113	0.17964885	-0.08777885	-2.0350752	-0.08732471	-0.380603	-0.32578874	-0.25960407	0.54562193	-0.047987495	-0.12889116	0.0	0.0	MARKER_0065
0.0	-0.6165242	-0.50358397	-0.16225791	0.14586088	0.20697214	-0.20681675	0.09940595	-0.2737971	-0.28026265	-0.148916	0.40080142	-0.25356594	0.0	0.0	MARKER_0066
0.0	0.082708634	0.15568773	0.20658359	-0.092345886	-3.0012977	-0.044673406	-0.2884974	-0.32134917	-0.24328953	-0.06828901	-0.18403892	-0.07542568	0.0	0.0	MARKER_0067
0.0	-0.4554274	-0.15634106	-0.24029279	-0.028617978	-2.91692	0.18419462	-0.07684638	-0.12348216	-0.25014833	-0.016890217	-0.22172853	-0.17183648	0.0	0.0	MARKER_0068
0.0	-0.4682851	0.026568871	-0.31675225	-0.10545041	-2.9199178	-0.18633483	0.060307693	-0.20007357	-0.29758587	-0.035173826	-0.21353623	-0.12790564	0.0	0.0	MARKER_0069
0.0	-0.47536686	0.27907202	-0.2370456	-0.044174895	1.0150491	0.5084862	0.043070067	0.19050285	0.06432734	0.17837372	-0.07885431	-0.043487266	0.0	0.0	MARKER_0070
0.0	0.2515508	-0.009397657	0.29296517	0.0576597	0.71142894	0.1336215	-0.029081156	-0.07390778	-0.100850694	0.037371144	-0.10356857	-0.07230575	0.0	0.0	MARKER_0071
0.0	-0.825239	-0.022090107	-0.12354233	-0.06972692	0.6696531	-0.10902163	-0.06075395	-0.30553228	-0.12426701	0.0852561	-0.055855047	-0.15295166	0.0	0.0	MARKER_0072
0.0	0.5846051	0.1467992	0.19233392	-0.022030003	0.124950536	0.050162014	0.023425266	0.35919127	-0.17939548	0.12593837	-0.089306094	-0.032993887	0.0	0.0	MARKER_0073
0.0	-0.9529761	-0.0764894	0.26021942	-0.05506421	0.5674823	-0.13674203	0.19361942	-0.29609555	-0.32574293	-0.027119225	-0.11874112	-0.25103867	0.0	0.0	MARKER_0074
0.0	-0.09624082	-0.37126708	0.19233276	-0.10245396	-3.2000444	-0.09671486	0.1766195	0.17699924	-0.35222656	-0.065508254	-0.21875869	-0.1322155	0.0	0.0	MARKER_0075
0.0	-0.83963096	-0.21901244	-0.32726738	-0.03562882	0.6453064	0.16034867	0.031293184	-0.11019611	0.02241306	0.018568616	-0.11001196	-0.13383165	0.0	0.0	MARKER_0076
0.0	-0.29527497	0.008479706	0.59030634	-0.03250522	0.31618768	-0.0579608	0.07386379	0.47698224	0.55021626	0.16259152	-0.16600813	-0.20874624	0.0	0.0	MARKER_0077
0.0	-0.3622168	0.0411093	0.26101145	-0.06601268	-3.1359828	-0.10994428	0.045502834	0.3823403	0.3861387	0.12290845	-0.21793924	-0.21648416	0.0	0.0	MARKER_0078
0.0	-0.4129461	-0.23375398	0.12292868	0.00016579617	0.08000175	0.029423406	-0.049785517	-0.03765381	-0.24015506	-0.10221961	-0.15717293	-0.18346319	0.0	0.0	MARKER_0079
0.0	-0.3422176	0.10211772	0.2611831	-0.064789765	-3.2827106	-0.07347022	0.11462581	-0.10945393	0.11079662	-0.0031855116	-0.23367512	-0.22672258	0.0	0.0	MARKER_0080
0.0	1.5109142	-0.69105643	-0.7398463	-0.10271784	0.3347908	-0.065393925	-0.094516635	-0.13160846	0.045127332	-0.039761838	-0.0890564	-0.09106103	0.0	0.0	MARKER_0081
0.0	-0.38946798	-0.13355485	-0.024867464	-0.118992984	-1.5340598	-0.07943067	0.1014574	-0.067982405	-0.4009399	0.006535341	-0.11347253	-0.20488624	0.0	0.0	MARKER_0082
0.0	0.77084726	-0.057870112	-0.012009455	-0.055292048	0.26751757	0.054831948	0.01891892	0.041035168	0.1625813	0.09487528	-0.03610835	-0.112680905	0.0	0.0	MARKER_0083
0.0	0.34410295	-0.38505176	0.3094742	-0.07221967	0.7865643	0.0741973	0.0650362	0.11264314	0.20478192	0.08794362	-0.071205035	-0.07725335	0.0	0.0	MARKER_0084
0.0	0.99210876	-0.088432595	-0.17572647	-0.050480194	-2.0896676	0.01864161	-0.0108386995	0.000591035	0.0640111	0.028029492	-0.101346225	-0.035084978	0.0	0.0	MARKER_0085
0.0	-0.6653148	-0.27156085	-0.19828095	-0.09593947	-2.8031535	-0.1860488	-0.39271033	-0.29162776	-0.26740384	-0.17233151	-0.23279327	-0.20516093	0.0	0.0	MARKER_0086
0.0	-1.2523938	-0.13466737	-0.26868233	-0.11439356	0.60739803	-0.1752941	0.09764347	-0.14362396	-0.27133492	-0.3407595	-0.007433158	-0.050740167	0.0	0.0	MARKER_0087
0.0	-0.8926452	-0.10287988	-0.42032075	-0.065631755	0.45491886	0.100191996	-0.1031494	-0.04031881	-0.18186723	-0.32879496	-0.0070844134	-0.0016642157	0.0	0.0	MARKER_0088
0.0	0.5966628	-0.034044117	0.25727063	0.030926134	0.6197695	0.1853504	-0.062444326	0.22515763	0.2579424	-0.25402296	0.0088066	0.0032450554	0.0	0.0	MARKER_0089
0.0	-0.83849883	-0.1582565	-0.5667728	-0.13781539	0.6399456	-0.2824482	0.056979828	-0.21221	-0.22497138	-0.3689124	-0.083600156	-0.00027377112	0.0	0.0	MARKER_0090
0.0	-0.7529753	-0.17252779	-0.72300935	-0.1520064	0.6279435	-0.13442309	0.12752596	0.12972529	-0.4034148	-0.32600114	-0.0318657	0.004327926	0.0	0.0	MARKER_0091
0.0	-0.45778528	-0.121422574	-0.08302047	-0.070550025	-2.9542625	-0.15351394	0.15472902	0.0038411021	-0.31674126	-0.28336528	-0.109061606	0.009989303	0.0	0.0	MARKER_0092
0.0	0.065391555	0.12319368	-0.091442116	-0.020723842	0.44132093	0.36508337	0.01962845	-0.06731985	0.06448966	-0.22905162	0.03562251	0.03826286	0.0	0.0	MARKER_0093
0.0	-0.8265192	-0.1401067	-0.084831946	0.005810094	0.42134148	0.07037319	-0.0016150514	-0.1414338	-0.33041933	-0.20825961	0.0016338218	-0.04922659	0.0	0.0	MARKER_0094
0.0	-0.068456054	-0.02920992	-0.29576856	-0.08050688	0.7666214	0.12917523	0.014701235	0.10060679	-0.05511498	-0.25192586	0.011081185	0.049859695	0.0	0.0	MARKER_0095
0.0	-0.11997912	-0.11962207	-0.39301404	-0.08050688	0.7309824	0.12371973	0.014701235	0.08530522	-0.061514888	-0.25728306	0.011081185	0.049859695	0.0	0.0	MARKER_0096
0.0	-0.4337297	-0.13630135	0.27550486	-0.055088863	-2.905627	0.09151172	-0.08922313	-0.02291372	-0.32721624	-0.29418993	-0.13765122	-0.004924291	0.0	0.0	MARKER_0097
0.0	0.03661244	-0.13916649	0.091663204	-0.05454693	-3.1175566	-0.35933453	-0.10450486	-0.29570597	-0.0065393206	-0.31032357	-0.12196548	0.02007625	0.0	0.0	MARKER_0098
0.0	-0.6350698	-0.2271909	0.27661607	-0.08344743	0.11038144	-0.13025327	-0.059192337	-0.30348182	-0.20463885	-0.36533833	-0.023375878	-0.05447839	0.0	0.0	MARKER_0099
0.0	0.16427644	-0.19580084	-0.17795417	0.051877245	0.12391236	-0.30502218	-0.15588084	-0.36932012	0.0016436278	-0.2965714	-0.048251864	-0.013961859	0.0	0.0	MARKER_0100
0.0	-0.6207282	0.17869826	0.0528066	-0.0217928	0.6637028	0.058790483	-0.2597256	-0.091332346	-0.16481051	-0.3269781	-0.0033038047	-0.02483951	0.0	0.0	MARKER_0101
0.0	-0.52427423	-0.29654652	-0.036203805	-0.07787826	-2.984885	-0.1933992	-0.039431315	-0.24797752	-0.12271137	-0.29205623	-0.09820131	-0.01753639	0.0	0.0	MARKER_0102
0.0	0.27714777	-0.30625004	0.054009892	-0.062000588	-3.1684346	-0.03329831	-0.12908894	0.12075712	-0.18034413	-0.34459665	-0.14291438	-0.061776962	0.0	0.0	MARKER_0103
0.0	-0.18411867	0.0070215836	0.59439415	0.14241453	0.916125	0.035013735	-0.06705818	0.013629615	0.45708632	-0.16208972	0.035886146	0.03216259	0.0	0.0	MARKER_0104
0.0	-0.8912984	-0.20946167	0.26392773	-0.05970891	0.6261746	-0.24291342	-0.1399754	-0.17353797	-0.17941318	-0.29695678	-0.027369684	-0.0011157976	0.0	0.0	MARKER_0105
0.0	-1.0200254	-0.31834564	0.24640305	-0.018217992	0.6610636	-0.26168272	-0.12365541	0.06948065	-0.19108197	-0.28639752	-0.0048773377	-0.03784352	0.0	0.0	MARKER_0106
0.0	-1.1497828	-0.21859352	-0.22219759	-0.08137751	0.022658253	-0.28882718	-0.037082493	-0.08934844	-0.16668953	-0.26619846	-0.027823744	-0.029305382	0.0	0.0	MARKER_0107
0.0	0.027625522	0.008351801	0.15139928	0.01210717	0.59025717	0.38908052	0.00795797	0.18888688	0.27680048	-0.247998	0.017226217	0.03927297	0.0	0.0	MARKER_0108
0.0	0.21438286	-0.26983014	-0.28809363	-0.122360684	-1.5224698	-0.092192724	-0.46448153	-0.40310678	-0.22099015	-0.26787895	-0.08432686	-0.040508736	0.0	0.0	MARKER_0109
0.0	0.22993545	-0.18685813	-0.1425549	-0.06769307	-1.6903228	-0.1267064	0.03668622	-0.4115432	-0.2212061	-0.110423684	-0.110795766	-0.022843499	0.0	0.0	MARKER_0110
0.0	-0.848572	-0.61016095	-1.3989351	-0.24087863	0.34906062	0.12884547	-0.034104895	-0.11745888	0.048392918	-0.033606116	-0.09254783	0.013034238	0.0	0.0	MARKER_0111
0.0	0.33132082	0.038171615	-0.3207054	-0.088750966	-3.2470677	-0.099531256	0.04115155	-0.05238167	-0.22265181	-0.09291944	-0.15688512	0.019561162	0.0	0.0	MARKER_0112
0.0	-0.17759934	-0.7984464	-1.3574455	-0.23821175	-0.13832393	-0.1857673	0.13449599	0.026250549	-0.32330608	-0.06523437	-0.12334455	0.01081009	0.0	0.0	MARKER_0113
0.0	0.018843139	-0.19897994	0.11197189	-0.08932606	-3.4132366	-0.04952546	0.12803517	0.07314049	-0.2240456	-0.07926398	-0.14367394	-0.018633302	0.0	0.0	MARKER_0114
0.0	-0.0021475672	-0.16877201	0.7917963	-0.075803176	0.99409187	-0.089170955	0.21102303	0.19917777	0.09984421	0.10942192	-0.003675406	-0.017086359	0.0	0.0	MARKER_0115
0.0	0.13189872	-1.1400642	-0.13360977	-1.077098	0.3421894	0.15083657	-0.10302172	-0.24802592	0.008809561	-0.056936562	-0.09842619	0.031153187	0.0	0.0	MARKER_0116
0.0	-0.26118064	-0.9802101	0.29265052	-0.03556696	-0.44826424	-0.14729057	0.06268488	-0.096193984	-0.20693909	-0.049950633	-0.15616742	0.0073718117	0.0	0.0	MARKER_0117
0.0	-0.41017446	-0.16730869	-0.25362462	-0.35123584	0.6298536	-0.1142044	-0.00026711606	-0.12514639	-0.27609792	0.0031430412	-0.03823123	0.008700952	0.0	0.0	MARKER_0118
0.0	-0.720622	-0.761452	-1.1018844	0.33384204	0.33151826	0.057647705	-0.07855874	-0.16372985	-0.3814583	-0.03620772	-0.046809297	-0.0069044945	0.0	0.0	MARKER_0119
0.0	0.3614552	-1.1082271	-0.12403621	-0.035015095	-0.017832631	-0.06863375	0.14534938	0.100344226	0.18181711	-0.05222835	-0.09634815	0.05224256	0.0	0.0	MARKER_0120
0.0	0.48697445	-0.0328156	0.400529	-0.011669907	0.67986315	0.009398629	0.17954443	0.12581466	0.25909477	0.0070118597	-0.04993692	0.08015795	0.0	0.0	MARKER_0121
0.0	-0.20475386	-0.18855582	-0.37499404	-0.105266586	-3.04872	-0.20834526	0.06557445	-0.12754984	-0.042518154	-0.12377436	-0.17341152	0.0054808576	0.0	0.0	MARKER_0122
0.0	0.47214508	-0.04240706	0.27779993	-0.16041285	0.7942348	0.042140696	0.20264184	0.11183201	-0.22933473	0.06368825	-0.012070367	0.0797059	0.0	0.0	MARKER_0123
0.0	-0.42394692	-0.08518413	-0.11105598	-0.051310245	-2.5367155	-0.13917208	0.1503107	0.017997604	-0.29295328	-0.009477276	-0.18332294	0.0008222568	0.0	0.0	MARKER_0124
0.0	0.4328589	0.055834807	0.5628811	0.009242775	0.34419867	0.032042734	0.21236847	0.16453984	-0.15467535	0.05281819	-0.035510514	0.042211913	0.0	0.0	MARKER_0125
0.0	-0.13375023	-0.017083574	-0.14604439	-0.06502611	-3.0802174	-0.15657292	0.113352746	-0.25353628	0.112785175	-0.064357005	-0.18526995	0.021356432	0.0	0.0	MARKER_0126
0.0	-0.21224695	0.3593104	0.39470202	-0.0719027	0.8778859	-0.07126755	0.11977696	-0.37083468	0.33968523	0.05126301	-0.014907019	0.0142037915	0.0	0.0	MARKER_0127
0.0	-0.521353	-0.26571387	0.037124503	-0.1182795	0.46316066	-0.18219958	0.07280114	-0.3888817	0.31270722	-0.022471182	-0.093943454	-0.041006096	0.0	0.0	MARKER_0128
0.0	-0.31443834	-0.23030756	0.084279664	-0.13648438	-3.1730158	-0.07681769	0.16069011	-0.20541102	-0.39810106	-0.11871206	-0.16013902	-0.033812154	0.0	0.0	MARKER_0129
0.0	0.3639377	0.020292038	0.042078514	0.34080565	0.8920596	0.009450399	0.078876264	-0.047391724	-0.18669355	0.028185295	0.010480628	0.05356806	0.0	0.0	MARKER_0130
0.0	-0.046905607	-0.37222856	-0.028490722	-0.13361649	-3.010328	-0.016876774	-0.4288807	-0.38001296	0.12382969	-0.02924071	-0.1352637	-0.03594592	0.0	0.0	MARKER_0131
0.0	-0.7009399	-0.05005618	-0.46158004	-0.074308015	-2.53646	-0.2133714	-0.054649983	-0.15211909	-0.2692991	-0.1945984	-0.11448593	0.20801075	0.0	0.0	MARKER_0132
0.0	-0.15358579	-0.6859954	0.5029535	0.034180287	0.526258	0.32861555	-0.06620628	0.116884805	0.11862558	-0.09410537	0.00998485	0.40028787	0.0	0.0	MARKER_0133
0.0	0.16137436	0.075605065	-0.020112203	-0.3382775	0.08856139	-0.17686895	-0.14805262	-0.15276761	-0.15648967	-0.22416657	-0.12655613	0.11628471	0.0	0.0	MARKER_0134
0.0	0.63008624	0.02845584	0.22808802	0.07632277	0.8764165	-0.061415803	-0.03385659	0.13930549	-0.1511537	-0.10899637	-0.0734677	0.16935766	0.0	0.0	MARKER_0135
0.0	-0.99341667	-0.13549173	-0.51829	-0.02796312	0.44179872	0.0709764	-0.07090842	-0.13889861	-0.07037541	-0.2333031	-0.09643937	0.17808636	0.0	0.0	MARKER_0136
0.0	-0.25281817	-0.22434588	-1.3619446	-0.14718814	0.36944675	-0.2717129	-0.06496431	-0.09063181	-0.09171841	-0.22794078	-0.13483106	0.04997081	0.0	0.0	MARKER_0137
0.0	-0.6077441	-0.29978022	0.42664593	-0.040094193	-2.9606507	-0.027544316	-0.0550897	-0.02431571	0.26152325	-0.03079982	-0.07193871	0.2767135	0.0	0.0	MARKER_0138
0.0	0.27250692	0.06390857	0.44945574	0.009835441	0.686538	0.20070569	0.018060097	-0.039524544	-0.016840376	-0.11238294	-0.06937759	0.29392782	0.0	0.0	MARKER_0139
0.0	-0.64604986	-0.17631155	0.23358992	0.08214868	0.5308412	-0.42172885	-0.11691539	-0.33351114	-0.20635752	-0.14569567	-0.07767275	0.1960142	0.0	0.0	MARKER_0140
0.0	0.2762494	-0.013126374	0.11700942	0.012140381	-3.144812	-0.099055655	-0.07675457	0.08339106	-0.05478447	-0.070965454	-0.069299184	0.20561998	0.0	0.0	MARKER_0141
0.0	0.22555807	-0.2842347	-0.3409448	0.0025008537	0.50691444	-0.2962286	-0.14793673	-0.3461108	-0.06760468	-0.18414697	-0.14135121	0.1273261	0.0	0.0	MARKER_0142
0.0	-0.37884563	-0.6852712	-1.3088667	-0.18657008	0.3753117	0.0636699	-0.04129418	-0.15870662	0.040212817	-0.19951013	-0.12618081	0.15779696	0.0	0.0	MARKER_0143
0.0	-0.16518989	-0.30327466	-0.030787783	0.0065830727	-2.4578962	-0.14560583	-0.11816363	-0.036104243	-0.33348775	-0.081839	-0.095104694	0.19065475	0.0	0.0	MARKER_0144
0.0	-0.5171783	0.08408485	-0.596125	-0.069422886	0.58577204	-0.27714553	-0.053268142	-0.21908289	-0.11951241	-0.11320598	-0.083187744	0.20617841	0.0	0.0	MARKER_0145
0.0	-0.8367199	-0.10971887	-1.1486206	-0.32631934	0.38860908	-0.19205648	-0.4667716	-0.1779764	-0.3188612	-0.22543378	-0.12751475	0.23774321	0.0	0.0	MARKER_0146
0.0	-0.36467507	0.7387262	0.473572	0.013407933	0.09241298	0.04533231	-0.008807266	0.39444703	0.2637347	0.034375504	0.056144353	0.42282185	0.0	0.0	MARKER_0147
0.0	-0.18660939	-0.32765463	-0.1313772	-0.055250432	-2.9446678	-0.1028767	-0.06070232	0.057756513	-0.18554842	-0.08623487	-0.120403975	0.1392291	0.0	0.0	MARKER_0148
0.0	-0.42376283	0.7735132	0.041808486	0.068313375	0.5840323	0.07596718	0.0040011373	0.0051605385	0.2576987	-0.07929452	0.014900161	0.31034568	0.0	0.0	MARKER_0149
0.0	-0.5639592	-0.23537138	0.110636815	0.02261639	0.16216375	0.042771384	-0.10914554	-0.18709981	-0.005426957	-0.15415052	-0.0874708	0.29872632	0.0	0.0	MARKER_0150
0.0	-0.87470704	-0.29034635	0.31565884	6.13945e-05	-2.2147236	-0.12323024	-0.10397477	-0.031537097	0.10323632	-0.0640615	-0.06890608	0.27109316	0.0	0.0	MARKER_0151
0.0	-0.3420698	-0.080160946	0.29660746	-0.008227889	0.5132417	0.020092389	0.10101486	-0.049717754	-0.3345184	-0.12774475	-0.05776785	0.22158054	0.0	0.0	MARKER_0152
0.0	-0.23931138	0.21380152	0.513761	-0.009969229	0.91146284	-0.013052005	0.10714568	-0.07971658	-0.06476182	-0.100452326	-0.059839953	0.22204673	0.0	0.0	MARKER_0153
0.0	-0.27242765	-0.0359994	0.6190174	0.026390567	0.621529	0.09961527	-0.015990056	-0.042923566	0.4577727	-0.12293154	-0.100635745	0.33934975	0.0	0.0	MARKER_0154
0.0	-0.53904945	-0.3527348	0.35687202	-0.059741557	-2.9094846	-0.13033232	-0.07193662	-0.10081079	-0.19687568	-0.07401662	-0.113513455	0.26679674	0.0	0.0	MARKER_0155
0.0	-1.0253719	-0.13199702	-1.3460517	-0.12212854	0.20460269	-0.010341021	-0.008447906	-0.11366359	-0.19729412	-0.2568139	-0.12516633	0.18250571	0.0	0.0	MARKER_0156
0.0	-0.28526583	-0.34278083	0.36005157	-0.051087808	-2.0526075	-0.08715451	0.12255248	0.040566675	0.12535541	-0.004661605	0.0017556939	0.21385638	0.0	0.0	MARKER_0157
0.0	-0.801785	-0.66328895	-1.3628806	-0.2970586	0.42006448	-0.17117701	0.025753807	0.18666404	-0.13458587	-0.24746776	-0.137864	0.23117928	0.0	0.0	MARKER_0158
0.0	-0.7732354	-0.77380466	-1.2492486	-0.29600298	0.4671026	0.08292741	0.018269386	0.025547625	-0.064101614	-0.24306886	-0.1334171	0.24564813	0.0	0.0	MARKER_0159
0.0	-0.26347938	-0.38197207	0.26270092	-0.04529091	-2.2825649	-0.13161056	0.105413385	-0.12597865	-0.31288716	-0.04519128	-0.02942047	0.2313876	0.0	0.0	MARKER_0160
0.0	-0.491293	-0.124664634	0.24515608	-0.040123537	-0.1613939	-0.11900486	0.07373042	-0.09266424	-0.29285115	-0.11206015	-0.0108151175	0.31101108	0.0	0.0	MARKER_0161
0.0	-0.11426068	0.29530653	0.6026395	0.09688855	0.5956059	-0.008980326	0.20037535	-0.0035064793	0.539544	-0.04796524	-0.025523704	0.37975743	0.0	0.0	MARKER_0162
0.0	-0.20612535	0.09228239	0.65209496	-0.035816398	0.7666466	-0.06893749	0.15002716	0.37640506	-0.19436504	-0.10267197	-0.055277403	0.32915586	0.0	0.0	MARKER_0163
0.0	0.74062055	0.15218385	-0.33145255	0.182487	0.9689708	-0.013191484	0.07363994	-0.12204117	0.22760949	-0.17046541	-0.12959886	0.07628326	0.0	0.0	MARKER_0164
0.0	-0.43038002	-0.7756749	-1.2059903	-0.32423156	0.40699184	-0.16669627	-0.056030057	-0.119640455	0.18867868	-0.23606376	-0.15670606	0.12063624	0.0	0.0	MARKER_0165
0.0	-0.34505135	1.9291998	0.35431585	-0.06559225	-1.4502424	0.06740657	0.14543691	0.06242332	0.46390796	0.0110310605	0.037643157	0.4020777	0.0	0.0	MARKER_0166
0.0	-0.85718083	-0.18435049	-0.68642944	-0.06208886	0.28330988	-0.25007364	0.007014421	-0.24688955	-0.31221884	-0.19683444	-0.12998438	0.2159142	0.0	0.0	MARKER_0167
0.0	0.1545289	-0.21761411	0.55443984	-0.07376689	0.17382047	-0.09425059	0.13262892	0.43901235	-0.24565996	0.062059052	-0.03355187	0.30591917	0.0	0.0	MARKER_0168
0.0	1.5941079	-0.33430335	-0.52020985	0.26721352	0.726939	0.082898706	0.16978174	0.21690634	-0.22215675	-0.08046006	-0.07773288	0.17131306	0.0	0.0	MARKER_0169
0.0	0.55178374	0.22265095	0.39598843	-0.009564091	0.5457761	0.017574886	0.14293309	0.13543607	0.29705966	-0.06409827	-0.06546795	0.12446391	0.0	0.0	MARKER_0170
0.0	-0.32839435	-0.40386853	-0.15618731	-0.08142382	-2.8553796	-0.13165155	0.10392314	-0.26828825	0.14527835	-0.0294118	-0.13701889	0.20738366	0.0	0.0	MARKER_0171
0.0	0.96441436	0.24046637	-0.26697478	-0.050612185	0.662508	-0.059575543	0.182798	0.08673198	0.21830165	-0.14503026	-0.080130205	0.15038247	0.0	0.0	MARKER_0172
0.0	0.27892664	-0.065108635	-0.28046954	-0.04078767	0.030030131	-0.12149896	0.092407696	-0.6047456	-0.33223808	-0.074545324	-0.13545196	0.057958934	0.0	0.0	MARKER_0173
0.0	-0.62807155	0.12177786	0.35125	-0.0012185356	0.8413324	-0.20473157	-0.004774251	-0.39359152	-0.1294248	-0.10535054	-0.10343948	0.26818624	0.0	0.0	MARKER_0174
0.0	0.5870176	-0.1713402	-0.032997012	-0.0044702594	0.442884	-0.11147714	0.07289047	-0.30528718	-0.12032867	-0.11613376	-0.12304318	0.045325406	0.0	0.0	MARKER_0175
0.0	-0.6448636	-0.8194814	-0.8718189	0.3147781	0.31313682	-0.15952902	-0.057606634	-0.26750714	-0.39499635	-0.21481648	-0.15634586	0.2432233	0.0	0.0	MARKER_0176
0.0	-0.15422238	-0.109283395	-0.071179435	-0.04994191	0.46583968	-0.45066553	-0.12424906	-0.31074405	-0.8247314	0.12688826	-0.107314244	-0.106920145	0.0	0.0	MARKER_0177
0.0	-0.8922369	-0.20495959	0.27267882	-0.10436174	0.5853826	-0.4013094	-0.48408931	-0.28611657	-0.24027441	0.006545975	-0.07845815	-0.24859582	0.0	0.0	MARKER_0178
0.0	-0.584731	-0.2440718	0.11108987	-0.030795503	-0.055862755	-0.14862695	-0.015390747	-0.23822159	-0.2603431	-0.079743646	-0.0903714	-0.12995264	0.0	0.0	MARKER_0179
0.0	0.64897925	0.2231442	-0.13551112	0.0010407638	0.90084326	-0.0020801304	-0.025038932	-0.03640418	-0.22207259	0.13563764	0.039639987	-0.0650205	0.0	0.0	MARKER_0180
0.0	-0.16632381	-0.10135956	-0.42715007	0.0030739224	0.45318562	-0.19552208	-0.06342026	-0.064479046	-0.31482732	0.065247566	0.045336284	-0.01963716	0.0	0.0	MARKER_0181
0.0	-0.3747968	-0.7465388	0.121711016	-0.027231041	-2.5847948	-0.07053964	0.07553059	0.11623314	-0.13675113	-0.17499325	-0.20881239	-0.19356088	0.0	0.0	MARKER_0182
0.0	-1.1394303	-0.28819075	-0.3407716	-0.019258939	0.6567058	0.14225486	-0.007527395	-0.05840307	-0.27372935	-0.021926953	-0.01152558	-0.14214824	0.0	0.0	MARKER_0183
0.0	-0.52960265	-0.2858393	0.3905708	-0.07562312	-3.041309	-0.19639708	0.10738543	-0.21518812	0.32383835	-0.09658554	-0.16363181	-0.15741393	0.0	0.0	MARKER_0184
0.0	0.7624505	-0.14607224	-0.054650016	0.055187546	0.58431596	0.1090299	-0.04196294	0.089993365	0.07255561	0.05954116	-0.010744923	0.018348794	0.0	0.0	MARKER_0185
0.0	-0.4595128	0.13169427	0.28341907	0.21382959	0.8311154	0.07458215	-0.04729775	0.35611117	0.43455473	0.16352634	0.026305044	-0.13277082	0.0	0.0	MARKER_0186
0.0	-0.5224134	0.15168627	0.19719496	-0.07722332	-2.6093197	-0.08368909	0.10901021	-0.19392243	0.1324578	-0.02974426	-0.12710992	-0.10767704	0.0	0.0	MARKER_0187
0.0	0.929328	0.038070414	0.04252139	-0.022769917	0.9130631	-0.0035346346	0.15673041	0.103087425	-0.2976505	0.057198398	-0.03438454	-0.082909904	0.0	0.0	MARKER_0188
0.0	-0.55999196	0.508457	-0.38225132	-0.1641749	0.76581883	0.1355251	0.084417105	-0.051565677	0.1640448	0.14110082	0.11839199	-0.02381518	0.0	0.0	MARKER_0189
0.0	-0.22407717	-0.68930465	-1.2509987	-0.1094548	0.29891872	-0.22395167	-0.0089073265	-0.15656078	-0.37205178	0.08722743	0.045305796	-0.011274069	0.0	0.0	MARKER_0190
0.0	-0.6294317	-0.6178555	-1.3577272	-0.12968306	0.007648859	-0.053853586	-0.07104338	0.29514095	-0.037361786	0.112534374	0.05226858	-0.07529412	0.0	0.0	MARKER_0191
0.0	-0.69736576	0.07731378	0.33676642	-0.017528191	0.8554757	0.08552411	-0.109075174	0.3626492	0.4416635	0.19362023	-0.039539088	-0.16309497	0.0	0.0	MARKER_0192
0.0	-0.51553684	-0.14648634	-0.16945782	0.032006253	-0.4412465	0.28809214	-0.036169354	-0.19722953	-0.020125043	-0.10851928	-0.08617887	-0.0910432	0.0	0.0	MARKER_0193
0.0	-0.6087869	-0.52356976	-1.1491615	-0.107105106	0.2826057	0.03153739	-0.11727225	-0.22190711	0.112961866	0.050135314	0.08760473	-0.0017035011	0.0	0.0	MARKER_0194
0.0	-0.85702723	-0.68936515	0.15592606	-0.11325968	-2.1887965	-0.16050452	-0.39162803	-0.29144517	-0.24334255	-0.18479595	-0.1454834	-0.26192918	0.0	0.0	MARKER_0195
0.0	0.01038447	-0.07183023	-0.7663752	-0.14782609	0.93707514	-0.16640294	-0.08609801	0.014852721	0.31226385	0.13109182	-0.031382397	0.002965878	0.0	0.0	MARKER_0196
0.0	0.01038447	-0.07183023	-0.7663752	-0.14782609	0.93707514	-0.16640294	-0.08609801	0.014852721	0.31226385	0.13109182	-0.031382397	0.002965878	0.0	0.0	MARKER_0197
0.0	0.11144002	-0.079018176	0.5208485	0.045457244	0.11654834	0.1380128	0.18186551	-0.07389787	0.10116169	-0.13590223	-0.12805521	-0.10846514	0.0	0.0	MARKER_0198
0.0	0.112475686	-0.20239843	0.2036714	0.030061591	0.014706712	-0.022913428	0.1234766	-0.2101215	-0.014341965	-0.10072818	-0.14669599	-0.08223539	0.0	0.0	MARKER_0199
0.0	-0.8355271	-0.26669052	-1.2552565	-0.15773375	0.5125373	0.2735263	0.06980941	0.06636211	-0.075652614	0.15814461	-0.09384774	-0.050625812	0.0	0.0	MARKER_0200
0.0	0.46518666	-0.012952178	-0.10651202	-0.011832361	0.9212816	0.1595765	0.14657757	0.06433281	0.1621149	0.12192864	-0.075351104	0.0070827175	0.0	0.0	MARKER_0201
0.0	-0.07535522	-0.3181092	-0.06235814	-0.0755905	-3.1458917	-0.15352938	0.14704871	0.08066449	-0.15254214	-0.29397535	-0.25284818	-0.13083005	0.0	0.0	MARKER_0202
0.0	-0.7780917	-0.28569973	-0.45165828	-0.08329246	0.5931415	0.040980306	0.03138108	-0.009500101	-0.12025827	-0.30150938	-0.1833599	-0.18748604	0.0	0.0	MARKER_0203
0.0	-0.28052384	-0.17826411	-0.07623861	-0.029543266	-2.825302	-0.17290759	-0.054234426	-0.08395761	0.55347437	-0.263862	-0.29391244	-0.17096172	0.0	0.0	MARKER_0204
0.0	-0.093221866	-0.10322567	0.06881488	-0.065925814	-0.2718073	0.099325635	-0.073693	-0.14877233	-0.10279528	-0.3619929	-0.24734542	-0.2491313	0.0	0.0	MARKER_0205
0.0	0.15303387	-0.15952826	-0.033239696	-0.080113016	-3.2644699	-0.009697879	-0.007758879	0.027919108	-0.2042021	-0.34962726	-0.24036646	-0.17212012	0.0	0.0	MARKER_0206
0.0	-0.8049752	0.08958758	-0.35516343	-0.123254634	-2.047031	-0.16698332	-0.20346421	-0.07775029	-0.2002739	-0.036180526	-0.22660188	-0.12786165	0.0	0.0	MARKER_0207
0.0	-0.38861147	-0.24092786	0.18339667	-0.11287367	-2.6005008	-0.09718879	-0.18363892	-0.10733649	-0.27256325	0.7417036	-0.08872079	-0.1638271	0.0	0.0	MARKER_0208
0.0	-0.46450752	-0.23091903	0.13850695	-0.13464972	-2.7905152	-0.18896517	-0.1289793	-0.09133203	-0.07100878	0.64146435	-0.08095865	-0.24555086	0.0	0.0	MARKER_0209
0.0	-0.7327564	-0.6098239	0.052963477	-0.09374249	-0.050024893	-0.22900598	0.102709755	-0.12799683	-0.15798368	-0.26477218	-0.13971148	-0.22487304	0.0	0.0	MARKER_0210
0.0	-0.7286997	-0.60648626	-1.517035	-0.2391603	0.22610717	-0.22841403	-0.023570009	-0.037539326	-0.276828	-0.24094303	-0.114027396	-0.09956598	0.0	0.0	MARKER_0211
0.0	-0.106540605	0.7574023	0.20262678	-0.079123326	-2.417955	-0.058355857	-0.37424165	-0.35057434	-0.16875423	-0.14755802	-0.26652	-0.19481657	0.0	0.0	MARKER_0212
0.0	-0.15086694	0.22374643	-0.46099436	-0.107395336	-0.09224321	-0.13037498	-0.44857678	-0.22113955	-0.3078506	-0.08660751	-0.15690628	-0.048390888	0.0	0.0	MARKER_0213
0.0	-0.38295138	-0.19530489	-0.36617967	-0.12797454	-2.8277438	-0.113118336	-0.3755028	-0.28238904	-0.1642266	-0.060402412	-0.22448942	-0.14746867	0.0	0.0	MARKER_0214
0.0	-0.24169987	-0.26061028	-0.3132493	-0.11933128	-2.7389297	-0.123633	-0.33829635	-0.3289819	-0.21196958	-0.16439883	-0.048849437	-0.16728984	0.0	0.0	MARKER_0215
0.0	-0.60085464	-0.73073786	-0.4909481	-0.09129725	0.4695418	0.11707877	-0.11868444	-0.36596972	-0.24617	0.010810006	-0.16412209	-0.6682165	0.0	0.0	MARKER_0216
0.0	-0.357479	-0.6049582	-0.036460225	-0.06409897	0.39563748	-0.35827693	-0.07891033	-0.4156962	-0.06926586	0.025747474	-0.12984787	-0.47025856	0.0	0.0	MARKER_0217
0.0	0.059387267	-0.085517734	0.14387788	-0.061343864	-0.32859975	0.04048665	-0.009885851	0.21962273	-0.3907656	-0.17151383	-0.10468867	-0.3372762	0.0	0.0	MARKER_0218
0.0	-0.19806406	-0.38005757	-1.382126	-0.16713066	0.5789063	-0.05406515	0.0065915026	0.019441504	0.17379597	-0.007814422	-0.10623231	-0.380595	0.0	0.0	MARKER_0219
0.0	-0.3354485	-0.14959525	0.27723727	-0.018748716	-2.747448	0.07345654	-0.08904717	-0.18437184	-0.30134603	-0.03409656	-0.06486672	-0.5527284	0.0	0.0	MARKER_0220
0.0	-0.49740615	0.1933485	0.16077022	0.08623905	-0.045850657	0.12982722	-0.07307039	0.045446195	-0.14127806	-0.06537809	-0.10772953	-0.68881774	0.0	0.0	MARKER_0221
0.0	-0.6945291	-0.42311436	0.20169288	-0.046786558	-2.212774	-0.17597741	-0.09098061	-0.078529805	0.190192	-0.059908513	0.05355654	-0.3901634	0.0	0.0	MARKER_0222
0.0	-0.8214193	-0.18506365	0.38638753	0.014160986	0.6099054	-0.1505246	-0.03662372	-0.23300299	-0.2834075	0.06067059	-0.07313447	-0.5868043	0.0	0.0	MARKER_0223
0.0	0.5386779	-0.36839962	-0.27688763	0.20744237	0.5027019	0.011636972	-0.10571409	-0.090920456	-0.5234942	0.19360803	-0.12727456	-0.6580231	0.0	0.0	MARKER_0224
0.0	0.26986772	-0.14826465	0.13522248	-0.018815223	-0.6767469	0.0590025	-0.061046716	0.118166514	-0.29155827	-0.07556272	-0.11373054	-0.44972506	0.0	0.0	MARKER_0225
0.0	0.37282056	0.21512304	0.46855804	0.11894706	0.7067995	0.09623575	-0.010092229	0.108949475	0.2969282	0.0749676	0.001994322	-0.3306427	0.0	0.0	MARKER_0226
0.0	-0.7802245	-0.15348628	-0.23951012	0.061360583	0.5036927	-0.053103805	0.11777227	-0.010195707	-0.41361794	0.1090318	-0.11061592	-0.66682893	0.0	0.0	MARKER_0227
0.0	-0.64221215	-0.028763818	-0.4284978	-0.09298732	-2.7679787	-0.14101434	0.027711868	-0.052760284	-0.26663908	0.0095444955	-0.06401117	-0.507985	0.0	0.0	MARKER_0228
0.0	-0.3800119	0.16306454	0.36975026	0.037088152	0.4837997	0.050506342	-0.056732826	0.06523798	0.34897196	-0.001285925	-0.051435795	-0.3981899	0.0	0.0	MARKER_0229
0.0	-0.40165254	0.15004115	0.24767914	-0.03486955	0.45162374	0.012597856	-0.08376256	0.04487553	0.34611353	0.030122703	-0.088899516	-0.46030372	0.0	0.0	MARKER_0230
0.0	-0.03454055	-0.13873492	-0.33514148	-0.03731252	-0.385524	0.021366421	-0.06694767	-0.41572705	0.10198492	-0.050546527	-0.1661572	-0.6414989	0.0	0.0	MARKER_0231
0.0	0.9238297	0.021123666	0.238327	0.06479705	0.7390485	-0.016136292	-0.0050310018	0.060699426	0.3191218	0.056330618	2.4716079e-05	-0.29337585	0.0	0.0	MARKER_0232
0.0	-0.57457393	-0.14722258	-0.263868	-0.24365911	0.5365797	-0.15679654	-0.02633108	-0.2230648	0.40171388	-0.02207834	-0.061231714	-0.4626204	0.0	0.0	MARKER_0233
0.0	-0.93934995	-0.099000566	-0.46477598	-0.037768077	0.259162	0.052818235	-0.006643092	-0.11666989	0.231422	0.082501985	-0.05435053	-0.5713786	0.0	0.0	MARKER_0234
0.0	-0.64061034	-0.35644454	0.04379942	-0.021107588	-2.44338	-0.058099143	-0.09519371	0.17269698	0.12536557	-0.2009691	-0.09815281	-0.31941333	0.0	0.0	MARKER_0235
0.0	0.624628	0.16249856	0.091201276	0.021028847	0.8860582	0.14255238	-0.031880442	0.22095793	0.46913123	0.05181667	-0.03661613	-0.19321564	0.0	0.0	MARKER_0236
0.0	-0.1369753	0.3033315	0.39524302	0.077087775	0.8815052	-0.07568735	-0.056076165	0.0885806	0.43952098	0.09890387	-0.0723126	-0.22652462	0.0	0.0	MARKER_0237
0.0	-0.7471833	-0.9165814	0.1830539	0.006924611	0.06009534	0.24037614	-0.0049486025	-0.0047781523	-0.27015668	-0.027509525	0.0044136886	-0.65493166	0.0	0.0	MARKER_0238
0.0	-0.7011622	0.040005103	0.228138	-0.05049606	-2.6457007	-0.09351763	0.12739661	-0.036281787	-0.31300217	-0.026561333	0.010757892	-0.48781112	0.0	0.0	MARKER_0239
0.0	-0.08713401	-0.025558025	0.39751646	0.082559794	0.72758055	0.084415205	0.2362635	0.112370275	0.40337202	0.13295782	-0.084144466	-0.28376913	0.0	0.0	MARKER_0240
0.0	-0.6755167	-0.1810813	-0.38256285	-0.11634034	-2.5168698	-0.114455715	-0.34367892	-0.23068313	-0.26018563	0.03438254	-0.08003097	-0.36475107	0.0	0.0	MARKER_0241
0.0	2.3226707	0.34934157	-0.11531416	0.12393892	0.5743061	-0.009128895	-0.17180076	-0.088371255	0.08959762	0.028857173	-0.0804468	-0.00867749	0.0	0.0	MARKER_0242
0.0	0.24275318	-0.006329648	-0.4678807	-0.058852334	-0.028918386	-0.019483099	-0.14214611	-0.24766049	-0.61016583	0.104644366	-0.18413457	-0.10256045	0.0	0.0	MARKER_0243
0.0	-0.17141223	0.08361041	0.10662551	-0.039448846	-3.28864	-0.027666714	-0.11179697	0.19028786	0.13398072	0.081459776	-0.21658902	-0.17765985	0.0	0.0	MARKER_0244
0.0	-0.6490888	-0.061932035	0.16102836	-0.04089109	0.1139947	0.04089593	-0.2250965	-0.041309793	-0.7019056	0.048649915	-0.16216357	-0.16869223	0.0	0.0	MARKER_0245
0.0	0.061817776	-0.34153917	0.23082362	-0.55644524	0.45565954	-0.25296494	-0.0042239577	-0.059763324	-0.26429206	-0.06040526	-0.14343153	-0.1346768	0.0	0.0	MARKER_0246
0.0	0.15076041	-0.39984906	-0.058913555	-0.064026676	-3.2584965	-0.13454281	0.13337085	0.17354363	0.16607526	-0.096424825	-0.22771718	-0.116639756	0.0	0.0	MARKER_0247
0.0	-0.8272959	0.2589452	-0.078792274	-0.10451185	0.4356628	-0.16436659	0.101240285	-0.29950634	-0.2420158	-0.14099628	-0.13361347	-0.16290025	0.0	0.0	MARKER_0248
0.0	0.5185883	0.10308744	0.429312	0.009739953	-0.34549382	0.042120505	0.16984966	0.23113	-0.23400308	0.035573754	-0.17880955	-0.0146341985	0.0	0.0	MARKER_0249
0.0	-0.6081202	-0.24505554	-0.18088731	-0.092123516	-2.868893	-0.05735666	0.114190444	0.046654984	-0.21870442	-0.15790914	-0.1998406	-0.15680201	0.0	0.0	MARKER_0250
0.0	-0.32866535	0.26522627	-0.15172395	-0.025168274	0.59443307	0.17781688	0.13327028	0.40078083	0.11900523	0.069568284	0.023313442	-0.10233631	0.0	0.0	MARKER_0251
0.0	-0.016609656	-0.093353055	-0.045297813	-0.06268518	0.62351984	-0.17126396	-0.18979289	0.12673274	-0.7618345	-0.30458033	-0.16221401	-0.090276666	0.0	0.0	MARKER_0252
0.0	-0.34556943	0.16056663	-0.26948515	-0.11325815	-1.5944017	-0.15094152	-0.039955042	-0.07587752	-0.4548816	-0.38436347	-0.22603106	-0.13087715	0.0	0.0	MARKER_0253
0.0	-0.16070808	-0.11710806	-0.18150994	-0.060146287	-0.2727443	-0.15621726	0.06503007	-0.3513062	-0.13487893	-0.23597236	-0.22790486	-0.14297347	0.0	0.0	MARKER_0254
0.0	-0.08990725	0.06635184	0.6063948	-0.0675211	0.567572	-0.0051814998	0.14429352	0.1893269	0.20919189	-0.20501871	-0.06306757	-0.10401729	0.0	0.0	MARKER_0255
0.0	-0.68659836	-0.24187209	0.2509038	-0.07431183	-3.0487077	-0.04510654	-0.027212348	-0.12032306	0.16569258	-0.29390857	-0.2749173	-0.11720302	0.0	0.0	MARKER_0256
0.0	-0.58432394	-0.17422368	-0.547133	-0.12267483	0.5331145	0.33931017	-0.048490126	0.13717292	-0.14759953	-0.35681707	-0.14904188	-0.08276635	0.0	0.0	MARKER_0257
0.0	-0.5038447	0.07813044	-0.45455146	-0.08150187	-1.4846345	0.13432801	-0.08688203	-0.13137451	-0.04564757	-0.37266064	-0.2264789	-0.120275736	0.0	0.0	MARKER_0258
0.0	-0.58363307	-0.25937715	-0.353607	-0.16463514	-2.6682508	-0.19079453	-0.36980164	-0.2606878	-0.19251166	-0.28658134	-0.24700525	-0.16221522	0.0	0.0	MARKER_0259
0.0	-1.1522342	-0.31678823	0.120553374	-0.046507757	0.721668	-0.2047268	-0.49542105	0.283058	-0.1109633	-0.1574597	-0.09734409	-0.24427737	0.0	0.0	MARKER_0260
0.0	0.2656611	-0.35844964	0.16326651	-0.06921423	-2.3381305	-0.050103426	-0.40711257	-0.39706117	0.27244982	-0.197299	-0.19349828	-0.11797672	0.0	0.0	MARKER_0261
0.0	0.18612848	-0.17662692	0.13768862	-0.08193192	-0.25218427	0.021703241	0.16622826	0.0542463	-0.6717264	-0.10894178	-0.1822727	-0.25445685	0.0	0.0	MARKER_0262
0.0	0.113288246	-0.1867148	0.25331655	-0.05033663	-3.1544647	-0.099851646	0.15470755	-0.17831624	0.09858936	-0.07973008	-0.27205634	-0.19073914	0.0	0.0	MARKER_0263
0.0	-0.24364479	-0.18739803	0.23864111	-0.071387604	-2.7817833	-0.08623579	-0.30797976	-0.27769434	-0.29142097	0.1442365	-0.010543374	0.23985586	0.0	0.0	MARKER_0264
0.0	-0.24182913	1.032444	0.51253545	-0.07757014	-0.073588744	-0.115180105	-0.3352994	0.052871235	-0.091475055	0.20936075	0.07550784	0.58117115	0.0	0.0	MARKER_0265
0.0	-0.17173488	-0.2761478	-0.093991704	-0.042889792	-2.844529	0.13467741	-0.034232646	-0.10799769	-0.16245633	0.058575906	-0.029356455	0.24481373	0.0	0.0	MARKER_0266
0.0	-0.6307748	-0.16912414	0.319528	-0.08553404	-0.1435949	-0.08830035	-0.25273633	-0.36812145	-0.15870655	0.22893246	-0.04875114	0.35035783	0.0	0.0	MARKER_0267
0.0	-0.3596609	0.14090262	0.6060303	0.3127545	0.3199761	-0.07416329	-0.15445104	-0.27545375	-0.13847251	0.25075617	0.02213371	0.45658937	0.0	0.0	MARKER_0268
0.0	-0.7962431	-0.29868567	0.32410574	-0.073818274	-3.0030284	-0.056805033	0.097091526	-0.07193125	-0.21727498	-0.16941099	-0.20800047	-0.17552327	0.0	0.0	MARKER_0269
0.0	-0.45503736	-0.19164504	0.2317351	-0.104919456	-2.7459934	-0.09653842	-0.29964665	-0.30455688	-0.31176955	-0.08828438	-0.060501833	-0.11876427	0.0	0.0	MARKER_0270
0.0	-0.7652329	-0.08222121	-0.30485806	-0.09901404	-2.0194855	-0.079363205	0.07436659	-0.13306768	-0.03425623	-0.15102357	0.1535591	-0.05192762	0.0	0.0	MARKER_0271
0.0	-0.398905	-0.2206196	-0.15416917	-0.088553965	-2.8809361	-0.10081524	-0.3454663	-0.25525567	-0.29983392	0.07149671	-0.24856019	-0.19490454	0.0	0.0	MARKER_0272
0.0	-0.040791467	0.10317695	-0.060480203	-0.046650328	-2.6567795	-0.048735708	-0.11948876	-0.096436106	0.12427783	0.042863604	-0.08388005	-0.17626788	0.0	0.0	MARKER_0273
0.0	-0.44307262	0.2943669	0.48464385	-0.036417082	0.60579604	0.15937509	-0.012202075	-0.30767193	0.25896278	-0.100666866	0.024867313	-0.077395104	0.0	0.0	MARKER_0274
0.0	-0.30221438	-0.2793421	-0.032552972	-0.051485628	-2.9414444	0.037276674	-0.10132344	-0.020827424	-0.33186123	2.1899818e-05	-0.071999505	-0.1352826	0.0	0.0	MARKER_0275
0.0	0.4358024	0.09396066	0.43894494	0.03994588	0.3061426	0.088854335	-0.034324042	0.1833208	-0.07338381	0.024199953	0.038706135	-0.063135214	0.0	0.0	MARKER_0276
0.0	-0.5034096	0.15522803	0.54479295	0.26453993	0.381241	-0.16177382	0.051515546	-0.005729602	0.06667283	0.00084736396	0.037130173	-0.06655071	0.0	0.0	MARKER_0277
0.0	-0.89131784	-0.122082666	0.3585542	-0.06304606	0.7635883	-0.16063362	-0.0008264423	-0.081847884	-0.058653608	-0.08612724	0.013340051	-0.11240626	0.0	0.0	MARKER_0278
0.0	-0.70656794	-0.12912573	-0.0026532877	-0.06405685	0.42057446	-0.060752206	-0.08974798	-0.24671	-0.2970543	-0.14139189	-0.04597082	-0.16697928	0.0	0.0	MARKER_0279
0.0	-0.24824168	-0.18741529	0.2992587	-0.05675007	-2.8711908	-0.06343316	0.06773779	-0.035148144	-0.21992098	0.026055358	-0.12777898	-0.14046443	0.0	0.0	MARKER_0280
0.0	-0.90677613	0.31075203	-0.70344555	-0.14811036	0.4336644	-0.032605883	-0.045890037	0.019411504	-0.09066628	-0.20850442	-0.015350176	-0.14179234	0.0	0.0	MARKER_0281
0.0	-0.8579317	-0.5529577	-1.3375623	0.29950887	0.3957527	-0.34775466	0.0008017622	-0.19138852	-0.11617149	-0.1349306	-0.060171448	-0.035111647	0.0	0.0	MARKER_0282
0.0	-0.23083945	-0.09136511	0.13269882	0.4184974	0.7833146	0.23168191	0.09865574	-0.1472615	-0.045726936	-0.045640074	0.05430954	-0.027226869	0.0	0.0	MARKER_0283
0.0	-0.9892535	0.18868019	-0.5931035	0.12746671	0.06408355	-0.12612937	0.1123103	-0.0618365	-0.029170109	-0.05497941	-0.0032905077	-0.07922231	0.0	0.0	MARKER_0284
0.0	0.22714643	0.12655155	0.2914419	0.07087753	0.47246075	-0.01226281	0.19471231	-0.027913652	-0.12386873	-0.050716054	0.0386369	-0.076900676	0.0	0.0	MARKER_0285
0.0	0.8766968	0.013883498	0.10432303	0.065714225	0.70684	0.0024575563	-0.036553293	0.16840583	-0.004750704	-0.073846616	0.0032361106	-0.064108536	0.0	0.0	MARKER_0286
0.0	-1.0118899	-0.08880834	0.21680579	0.014327961	0.30346012	0.011080868	-0.10966617	-0.12827447	-0.191142	-0.109381825	0.0058088973	-0.14856832	0.0	0.0	MARKER_0287
0.0	0.1777189	0.024167689	0.12953527	0.03212869	0.59841275	-0.16608857	-0.13658077	-0.055540554	-0.32468718	-0.0916645	-0.013368936	-0.10480407	0.0	0.0	MARKER_0288
0.0	0.113971785	-0.068828836	-0.3710183	-0.004407604	0.4641449	-0.13223174	-0.28276885	-0.18417607	0.04707642	-0.24952659	-0.14800328	-0.13521603	0.0	0.0	MARKER_0289
0.0	-0.895471	-0.42162132	-0.17456219	-0.098536216	-2.7478194	-0.18912426	-0.3953509	-0.30402452	-0.18834768	-0.20372844	-0.22769348	-0.17656155	0.0	0.0	MARKER_0290
0.0	0.24982834	-0.25384536	0.30463028	-0.05767625	0.6521984	-0.14834727	-0.29413864	-0.18735434	-0.37858254	-0.10631529	-0.08832	-0.0813726	0.0	0.0	MARKER_0291
0.0	-0.5030975	-0.15017258	0.22025672	-0.11621228	-2.8883567	-0.087355845	-0.30047917	-0.29074883	-0.25297973	-0.04454271	-0.19646837	-0.13502584	0.0	0.0	MARKER_0292
0.0	-0.52920157	-0.3755185	-0.17214134	-0.10990429	-2.8254082	-0.20203808	-0.38087407	-0.30372474	-0.20630804	-0.17828122	-0.22925165	-0.20731844	0.0	0.0	MARKER_0293
0.0	-0.8570218	-0.60779434	-0.8548619	-0.36551	0.5486702	-0.26691103	-0.51115286	-0.21404696	-0.16104215	-0.22105955	-0.07552032	-0.15917528	0.0	0.0	MARKER_0294
0.0	-1.017368	-0.617317	-1.2502762	-0.2665308	0.11950824	-0.2026094	-0.43152857	-0.24480447	-0.27131134	-0.2613198	-0.06222888	-0.14640604	0.0	0.0	MARKER_0295
0.0	-1.089488	-0.3582573	-0.4533657	-0.16314752	0.37558076	-0.40960747	-0.31816494	-0.1546264	-0.051888183	-0.11315047	-0.04581356	-0.17534925	0.0	0.0	MARKER_0296
0.0	-0.1947476	-0.25882962	0.2616524	-0.1095852	-2.973158	-0.081668705	-0.38805798	-0.3279265	-0.24204291	-0.045503713	-0.17439026	-0.14259122	0.0	0.0	MARKER_0297
0.0	-0.3119467	0.03787878	-0.19681762	0.20233582	0.34762356	0.13904287	-0.07033303	0.02661115	0.0019759852	0.36898142	0.68872315	0.45311862	0.0	0.0	MARKER_0298
0.0	0.23338862	-0.15802483	0.2667585	-0.05359035	-1.7543589	-0.06080156	-0.27971792	-0.137429	0.60151714	0.2707126	1.3701717	0.543223	0.0	0.0	MARKER_0299
0.0	-0.10092261	-0.15860184	0.15279672	-0.05334662	-2.290027	-0.057356704	-0.3686797	-0.2952383	-0.23165566	0.16186324	1.3082345	0.38102558	0.0	0.0	MARKER_0300
0.0	2.4545712	-0.24741292	0.23012586	-0.012336626	0.5593152	-0.019509567	-0.2572922	-0.20613363	0.0077233086	-0.04238818	-0.05562062	-0.08987469	0.0	0.0	MARKER_0301
0.0	0.6552483	-0.7038874	-0.5596689	-0.26981047	0.31761467	-0.043291405	0.01311873	-0.22798757	0.015874505	0.11973238	-0.10484208	0.033921983	0.0	0.0	MARKER_0302
0.0	-0.34479216	0.012469338	0.13828814	-0.9393492	0.3313438	-0.06776763	-0.1860687	-0.18076791	-0.033631377	-0.3421086	-0.10303507	-0.12505661	0.0	0.0	MARKER_0303
0.0	-0.6655171	-1.0891134	0.25491053	0.14510623	0.5763568	-0.0008614097	-0.091712244	-0.13236713	-0.17576215	-0.23205505	-0.11480822	-0.1530708	0.0	0.0	MARKER_0304
0.0	0.23256683	-0.22319043	-0.13320915	0.03667575	0.2641001	-0.13740824	-0.63846356	-0.42945483	-0.3408236	-0.1851898	-0.14979501	-0.11620647	0.0	0.0	MARKER_0305
0.0	1.6092451	-0.12880854	0.21587765	-0.0858393	-2.4617805	-0.00495941	-0.28166372	-0.2830572	-0.2382568	-0.0209015	-0.11877245	-0.06461342	0.0	0.0	MARKER_0306
0.0	-0.0045674127	-0.21611919	0.1617287	-0.100669585	-3.026559	-0.053671397	-0.3498414	-0.35454082	-0.24743228	-0.056280233	-0.1853263	-0.11369528	0.0	0.0	MARKER_0307
0.0	-0.83341223	-0.3297984	-1.2643257	0.2993699	0.28574947	-0.086005434	-0.13762371	-0.5128782	-0.022554446	-0.0385948	-0.13682537	-0.09867186	0.0	0.0	MARKER_0308
0.0	0.2774329	-0.120695986	-0.075248055	-0.019905698	-0.03448385	0.010040621	-0.06983168	-0.123005114	-0.20407252	0.042294823	-0.1409375	-0.15604053	0.0	0.0	MARKER_0309
0.0	0.422795	-0.07511065	0.019638054	-0.016951665	0.59690213	0.008368634	-0.06510183	0.15424743	0.068469584	0.17169148	-0.07391322	-0.08144962	0.0	0.0	MARKER_0310
0.0	-0.3410806	0.10588393	-0.332621	-0.15832706	-2.753491	-0.09838022	-0.33468536	-0.2039074	-0.33684406	0.069718584	-0.24492076	-0.16488999	0.0	0.0	MARKER_0311
0.0	-0.045221526	-0.35352063	-0.31463405	0.03499042	0.5824535	-0.12726378	-0.29002237	-0.26031157	0.04847017	-0.07492889	-0.08203242	-0.061469838	0.0	0.0	MARKER_0312
0.0	-0.6100518	-0.26363876	0.37857842	-0.092343196	-2.6962645	-0.16429378	-0.39599752	-0.2924747	-0.2795771	-0.0904406	-0.09961142	-0.29623204	0.0	0.0	MARKER_0313
0.0	-0.4870709	-0.24013478	-0.36822003	-0.2577739	0.49125364	-0.18693484	-0.38346872	-0.20266023	-0.24009003	-0.10249808	-0.09014952	-0.089576565	0.0	0.0	MARKER_0314
0.0	-0.54641736	0.004309867	-0.36491275	-0.13386612	-2.424602	-0.09009308	-0.32347825	-0.2423597	-0.33555192	-0.159291	0.36888832	-0.10571359	0.0	0.0	MARKER_0315
0.0	-0.46237049	-0.20640783	0.17156658	-0.21987438	0.435295	-0.30096254	-0.59628594	-0.31600004	-0.21778111	-0.106677845	-0.13753091	-0.2878677	0.0	0.0	MARKER_0316
0.0	-0.2282506	-0.22092286	-0.21757154	-0.13210881	-2.851662	-0.08127344	-0.41067034	-0.29404166	0.029571746	-0.033374432	-0.08234945	-0.018456664	0.0	0.0	MARKER_0317
0.0	0.58512276	-0.2133492	-0.16428392	-0.10145528	0.9934317	-0.022379635	0.10755011	0.110742874	0.06884207	0.07841818	0.011533067	0.048028477	0.0	0.0	MARKER_0318
0.0	-0.67133564	-0.22074318	-0.030886635	0.09831309	0.70989805	-0.036235403	-0.19541694	-0.49849987	-0.36429513	-0.11067341	-0.016244873	-0.022227168	0.0	0.0	MARKER_0319
0.0	0.015591219	-0.17025897	-0.37113553	-0.6459625	0.28410855	-0.13585019	-0.16830036	-0.08095245	-0.5042645	0.011251909	-0.03435587	-0.0073326137	0.0	0.0	MARKER_0320
0.0	-0.50580585	-0.26264736	0.24373506	-0.10150518	-2.724709	-0.09964234	0.089126915	-0.074242875	0.3266889	-0.15086891	-0.06950102	-0.04473326	0.0	0.0	MARKER_0321
0.0	-0.48348123	0.28030854	0.4594211	0.29546103	0.74378103	0.06950317	0.041094564	0.045565408	0.39626876	-0.021371173	0.038476583	0.047938194	0.0	0.0	MARKER_0322
0.0	0.5044031	-0.07677405	0.22562468	-0.21412286	0.7804392	-0.14377593	-0.08303563	-0.17886621	0.2607841	0.032600094	0.057615105	0.013846027	0.0	0.0	MARKER_0323
0.0	0.15648252	-0.1937931	0.23753099	-0.13019079	0.6924296	-0.15147959	-0.14510131	-0.26756707	0.21468855	-0.031563222	0.04546926	0.021436902	0.0	0.0	MARKER_0324
0.0	0.5111541	0.24833597	-0.107266225	0.26387596	0.89787275	0.009960249	-0.061827186	0.11834013	0.18092142	0.09978966	0.03713862	0.074143656	0.0	0.0	MARKER_0325
0.0	-0.52459574	-0.17583443	0.38039628	-0.13242985	-0.056733552	-0.083898835	0.12543091	0.0325817	-0.3755296	-0.123828866	-0.008137543	-0.041474003	0.0	0.0	MARKER_0326
0.0	0.9505453	-0.097923465	0.023981497	0.041209087	0.64967006	-0.04166453	-0.12251601	-0.25039175	0.05904217	0.030611273	-0.06821831	0.007302854	0.0	0.0	MARKER_0327
0.0	-0.22360016	0.12500943	0.15427233	-0.10543663	-2.6622455	-0.13822472	-0.2645279	-0.2340006	0.4379648	-0.14886963	-0.19398144	-0.17592818	0.0	0.0	MARKER_0328
0.0	2.9072397	0.24581458	0.3255396	-0.05925639	-1.8407053	0.034470648	-0.12897198	-0.1687889	-0.15825982	-0.028081473	-0.112208374	-0.02777344	0.0	0.0	MARKER_0329
0.0	-0.50747746	0.20748721	0.13361205	-0.20608133	0.5691416	-0.31116426	-0.47027317	-0.21432237	-0.34149882	-0.0331898	-0.068435274	-0.1771562	0.0	0.0	MARKER_0330
0.0	-0.31353265	-0.17326239	-0.029693406	-0.11657429	0.5920479	-0.2944539	-0.4016348	-0.23798388	-0.40238377	-0.28366983	-0.1651722	-0.14261764	0.0	0.0	MARKER_0331
0.0	0.102075435	-0.08402689	0.19743949	-0.019372515	-2.878965	0.05395051	-0.03859912	-0.11600614	-0.29679695	0.004432777	-0.0027473823	0.10258324	0.0	0.0	MARKER_0332
0.0	-0.7548391	-0.123822704	-0.8481029	-0.31045735	0.09623487	-0.20456964	-0.53059775	-0.24888036	-0.37091434	0.10750834	-0.12810683	-0.12089802	0.0	0.0	MARKER_0333
0.0	-0.9126222	-0.22799353	-1.0285081	-0.13746141	0.4403706	-0.25490016	-0.27398258	0.03576412	-0.24689163	-0.2035549	-0.19329737	-0.19271156	0.0	0.0	MARKER_0334
0.0	-0.8177295	-0.21606502	-0.8188847	-0.20063384	-2.4340122	-0.15130103	-0.32883117	-0.2481145	-0.14251044	-0.08482679	-0.124960095	-0.13720697	0.0	0.0	MARKER_0335
0.0	0.53800666	-0.14846416	-0.081792876	-0.046264887	0.19287315	0.13118339	-0.07256528	0.16720846	-0.13479671	0.38214093	-0.00078582205	0.08906605	0.0	0.0	MARKER_0336
0.0	0.63558793	-0.2658854	-0.20188932	-0.10518593	-2.8710976	-0.043723702	-0.3390789	-0.40584126	-0.21213967	-0.053053237	-0.019985776	-0.15200326	0.0	0.0	MARKER_0337
0.0	0.6838651	-0.029134907	-0.21646707	0.27283916	0.658687	-0.014392901	0.14669058	0.21252137	0.010918017	0.040438034	-0.0042575086	-0.036985707	0.0	0.0	MARKER_0338
0.0	0.28830403	-0.38118726	-0.07452968	-0.10208282	-2.9551938	-0.014170675	-0.41321015	-0.38164964	-0.17388818	-0.08333699	-0.027676556	-0.16116495	0.0	0.0	MARKER_0339
0.0	-0.69645804	-0.30068856	-1.0182209	0.08192144	0.43368375	-0.15858835	-0.4584812	-0.18278557	-0.043766648	0.026746113	-0.06698549	-0.17740102	0.0	0.0	MARKER_0340
0.0	-0.65799356	-0.24412842	0.23859364	-0.08499433	-2.5366206	-0.16449578	0.09115884	-0.13982785	-0.18422909	0.6747481	-0.046349816	0.3369916	0.0	0.0	MARKER_0341
0.0	-0.19194211	0.05159245	0.34059903	-0.022438418	-0.91259146	0.1588972	0.14598419	-0.039217275	-0.16774508	0.8967905	0.020840544	0.43085712	0.0	0.0	MARKER_0342
0.0	-0.6374104	-0.39638394	-1.1903341	-0.15797107	0.04737947	0.13678665	-0.02162036	-0.03645262	-0.2754035	0.46196666	-0.031878274	0.23208804	0.0	0.0	MARKER_0343
0.0	-0.52253246	0.29403	-0.2831974	0.33041885	0.71740365	0.3831751	-0.0019167748	-0.057898305	0.04810897	0.7235565	0.050097935	0.28026462	0.0	0.0	MARKER_0344
0.0	-0.60587656	-0.8067524	-1.4129382	-0.22768377	0.04165959	0.108817376	-0.044799317	-0.03896899	-0.29957154	0.32646176	-0.03312085	0.17276159	0.0	0.0	MARKER_0345
0.0	-0.6123695	-0.73855066	-1.248168	-0.18189766	-0.4381386	0.1287563	-0.062489588	-0.061087	-0.27814418	0.45908913	-0.044822123	0.259015	0.0	0.0	MARKER_0346
0.0	-0.51967597	0.20913313	-0.15287505	0.27475807	0.19042754	0.38453883	0.010857718	0.058378093	0.09634531	0.7276996	0.03510384	0.33917674	0.0	0.0	MARKER_0347
0.0	-0.576707	-0.8608299	-0.906501	-0.325318	0.31754303	0.1431263	0.013678429	-0.041509446	-0.32171506	0.42794606	-0.03201016	0.17357183	0.0	0.0	MARKER_0348
0.0	-0.5331572	0.26799685	-0.23479371	0.44277728	0.49624985	0.1196433	0.030956868	-0.07092279	0.12663151	0.582122	-0.015082549	0.2636747	0.0	0.0	MARKER_0349
0.0	-0.8779403	-0.8408839	-1.003247	-0.32785517	0.29502472	0.13206297	0.047256142	-0.04302803	-0.049511626	0.42590323	-0.026140848	0.19517344	0.0	0.0	MARKER_0350
0.0	0.13903418	-0.48191187	-0.13714695	-0.09962402	-3.019395	-0.09663647	-0.40463	-0.4444963	-0.24293673	-0.18916303	-0.20652938	-0.10314132	0.0	0.0	MARKER_0351
0.0	-0.82909447	-0.33511868	-0.3728358	-0.14199053	-2.7705417	-0.17240977	-0.39547476	-0.33928967	-0.08844428	-0.031576287	-0.21013099	-0.21569984	0.0	0.0	MARKER_0352
0.0	-0.6286201	-0.2478061	0.23921628	-0.102769524	-2.5843391	-0.106231906	-0.40767145	-0.32503554	-0.18646172	-0.23446886	-0.05969693	-0.2797626	0.0	0.0	MARKER_0353
0.0	-0.70580184	-0.35952768	0.24571832	-0.32360315	0.506586	-0.23192076	-0.41865346	-0.24592091	-0.21393548	0.07140704	-0.09479726	0.09918923	0.0	0.0	MARKER_0354
0.0	0.5433265	-0.16148043	0.051157832	0.53001356	0.514501	0.23453277	0.017685264	0.24203727	0.055241793	-0.012388082	-0.030067345	0.12341163	0.0	0.0	MARKER_0355
0.0	0.17643091	-0.3803135	-0.6531301	-0.17689334	-2.134864	-0.036375985	-0.31058702	-0.2890909	-0.25350097	-0.102998115	0.081807315	0.049927324	0.0	0.0	MARKER_0356
0.0	-0.49398997	-0.3993328	-0.18411636	-0.10468145	-2.7670603	-0.13087209	-0.3779816	-0.30457747	-0.27448577	-0.19412844	-0.24501055	-0.16209517	0.0	0.0	MARKER_0357
0.0	0.08620623	0.42594534	-0.27900764	0.43809623	0.67484415	-0.10629654	-0.24027155	-0.08074678	0.13547643	0.01166571	-0.039796755	-0.03488167	0.0	0.0	MARKER_0358
0.0	-0.54723823	-0.32659823	-1.1047888	-0.21296652	-0.26177275	-0.17490701	-0.36934415	-0.2209075	0.2697313	0.033771582	-0.11114568	-0.036388468	0.0	0.0	MARKER_0359
0.0	-0.5466709	-0.31409898	-0.18390052	-0.08209091	-2.7589784	-0.13600376	-0.36716142	-0.3210139	-0.16571002	-0.19548377	-0.14145844	-0.1904587	0.0	0.0	MARKER_0360
0.0	-0.75218105	-0.21091524	-0.5478883	0.121388674	0.2629542	-0.23377228	0.10668233	-0.29129907	-0.14332947	-0.31971475	-0.114494674	-0.24213487	0.0	0.0	MARKER_0361
0.0	-0.31351274	-0.20361064	0.4251844	0.07752101	0.33807114	-0.21788464	-0.48529115	-0.32043532	-0.27355993	-0.23693295	-0.08203651	-0.17529339	0.0	0.0	MARKER_0362
0.0	2.1116543	0.07498609	0.14886951	0.26291677	0.55647624	-0.0012076688	-0.23583674	-0.18042101	-0.18926664	-0.032687593	-0.038959168	-0.07045583	0.0	0.0	MARKER_0363
0.0	1.493326	0.1837947	0.23586273	0.038442813	0.527576	-0.2673121	-0.10277457	0.080917776	0.35712317	0.02867302	0.059020616	0.21392192	0.0	0.0	MARKER_0364
0.0	1.4881415	-0.022626568	0.50328755	-0.6230528	0.4419049	-0.12278379	-0.121110894	0.21690738	0.46514896	0.08895404	0.06214837	0.19086847	0.0	0.0	MARKER_0365
0.0	-0.11624255	0.23944142	0.37248302	-0.059530284	0.767053	0.13752814	-0.06472221	0.08145966	0.18535872	0.02192855	0.06380806	0.27674156	0.0	0.0	MARKER_0366
0.0	1.467556	0.18600275	0.12558135	0.12834081	0.70529467	-0.15094921	-0.020098139	0.29527032	0.31875253	0.041782152	0.07196384	0.169281	0.0	0.0	MARKER_0367
0.0	-0.79670304	0.375783	0.31706202	-0.11381463	-0.28537923	-0.34095606	-0.387003	-0.35965845	-0.10248298	-0.070457056	-0.12810616	-0.17264087	0.0	0.0	MARKER_0368
0.0	-0.9372284	-0.27037787	-0.19991678	0.07617832	-0.3330333	-0.27024403	-0.50168777	-0.4155783	-0.09727542	-0.20172416	-0.15343031	-0.1802253	0.0	0.0	MARKER_0369
0.0	-0.69155025	-0.17789239	-0.39586768	0.16276558	-0.2828631	-0.28783703	-0.4814763	-0.37886512	-0.045586035	0.3981098	-0.102484874	0.0043349024	0.0	0.0	MARKER_0370
0.0	-0.48930788	-0.72790766	-0.18973182	-0.14541955	-2.488785	-0.13994387	-0.2521477	-0.19330618	-0.4335425	0.27965397	-0.10135028	-0.012802115	0.0	0.0	MARKER_0371
0.0	0.05620883	0.37033486	0.5270652	0.18158579	0.6794	-0.030536039	-0.27644613	0.21453962	-0.21683688	-0.042758405	-0.08174964	-0.10316329	0.0	0.0	MARKER_0372
0.0	-0.5531116	-0.30707815	-0.430523	-0.22214293	0.58333874	-0.22792855	-0.47331795	-0.26470974	-0.10531564	-0.08521669	-0.089596495	-0.17384888	0.0	0.0	MARKER_0373
0.0	0.49814162	-0.50561553	-0.43344665	0.38259745	0.5073734	-0.08391206	0.0034003211	-0.016032197	0.1952599	-0.18579428	-0.11173931	-0.13119496	0.0	0.0	MARKER_0374
0.0	0.6251967	-0.50561553	-0.4099026	0.43399274	0.51532096	-0.0808594	0.0080262525	0.014195818	0.24242325	-0.17857824	-0.11173931	-0.12308551	0.0	0.0	MARKER_0375
0.0	0.09418505	-0.110733144	0.21417874	-0.08298484	-2.7478619	-0.033965483	-0.4090406	-0.42324	-0.25548118	-0.056985598	-0.097951904	-0.23670022	0.0	0.0	MARKER_0376
0.0	0.17938434	-0.22573355	0.08699451	-0.16154501	0.56340903	-0.070659176	-0.5793526	-0.4706226	-0.27422833	-0.12312117	-0.111554794	-0.1239084	0.0	0.0	MARKER_0377
0.0	-0.121206306	-0.27008906	0.17246895	-0.10155496	-3.004136	-0.019895216	-0.30489877	-0.33670563	-0.15712778	-0.06183229	-0.20525675	0.24844846	0.0	0.0	MARKER_0378
0.0	0.0577329	0.10071561	-0.49065244	-0.07123657	-0.15295438	-0.31635302	-0.029877346	-0.37757686	0.17563735	-0.12231278	-0.14779589	0.041511305	0.0	0.0	MARKER_0379
0.0	0.037847396	-0.20588812	0.28144398	-0.012653426	-2.8336623	0.293429	-0.10257867	-0.101993404	-0.21092938	-0.07197265	-0.10506913	0.29658815	0.0	0.0	MARKER_0380
0.0	-0.1454291	-0.10330294	0.37175247	0.18674442	0.5927628	0.3062508	-0.06982864	-0.13777629	-0.0096449675	0.04376806	-0.13583708	0.36626428	0.0	0.0	MARKER_0381
0.0	-0.30744582	0.030541154	-0.46282327	-0.103263475	-2.8776572	-0.18550818	0.06007045	-0.16997321	-0.26839715	-0.07129651	-0.17693028	0.22144334	0.0	0.0	MARKER_0382
0.0	-0.25549805	0.07404632	-0.5924275	-0.13802439	0.567804	-0.10451178	0.05054547	-0.24397919	-0.2417911	-0.029498592	-0.13537382	0.21958947	0.0	0.0	MARKER_0383
0.0	0.051966783	-0.0063345437	-0.31301302	-1.0236267	0.58916575	-0.24310581	-0.03311865	-0.34109864	0.25576913	-0.108159825	-0.117713764	0.049554683	0.0	0.0	MARKER_0384
0.0	-0.2099411	-0.19903563	-0.1691029	0.112782285	0.69260734	0.022613732	0.12518562	0.05396342	-0.005992259	-0.024213713	-0.17167912	0.11084144	0.0	0.0	MARKER_0385
0.0	-0.28644365	-0.25538433	0.64876485	0.18381085	0.81217825	0.052709363	0.16622086	0.400735	0.108736485	0.114370786	-0.11326828	0.21680276	0.0	0.0	MARKER_0386
0.0	-1.0372509	-0.28030306	-0.6160884	0.44915	0.38578764	-0.25334147	-0.060020354	-0.19546562	-0.15630354	-0.004659256	-0.033553034	-0.050186504	0.0	0.0	MARKER_0387
0.0	0.11612061	-0.66448385	0.14522912	-0.070360154	-2.5075479	-0.032334384	-0.18846881	-0.11930669	-0.16182369	-0.12685025	-0.23499449	-0.113900244	0.0	0.0	MARKER_0388
0.0	-0.005491656	1.9431882	0.36056674	-0.047356173	-1.4163412	0.079029314	0.14340536	-0.053594057	0.2055258	0.05505813	0.12048039	0.036683824	0.0	0.0	MARKER_0389
0.0	0.37232807	-0.27748367	0.12696455	-0.08100795	-2.9416306	0.07655497	0.10731688	-0.3031448	0.1879775	-0.06889231	-0.056664396	-0.0028462568	0.0	0.0	MARKER_0390
0.0	-0.33695218	-0.3201929	-0.15394536	-0.08796975	-2.8404999	-0.052894525	0.09473854	-0.187128	-0.34444955	-0.022873221	-0.23187678	-0.14870146	0.0	0.0	MARKER_0391
0.0	-0.5217556	0.20311618	-0.35482135	0.43791816	0.81867296	-0.09491683	0.09386401	0.011906924	-0.1023129	0.038450945	-0.07008558	-0.0812147	0.0	0.0	MARKER_0392
0.0	-0.49844417	-0.23439747	0.24226294	0.023904644	0.042013858	-0.34480038	-0.074867554	-0.22202665	0.2662782	0.11739677	-0.19301726	-0.22685309	0.0	0.0	MARKER_0393
0.0	-0.6471361	-0.22812326	0.29234552	0.09803702	0.59470457	0.056029998	0.07665032	-0.101387344	-0.337153	0.09221159	-0.099201754	-0.279433	0.0	0.0	MARKER_0394
0.0	-0.36682746	0.030360846	0.19853841	0.2948842	0.9180122	0.09702135	0.087045684	-0.049105633	-0.035961393	0.20798397	-0.0008345777	-0.14471209	0.0	0.0	MARKER_0395
0.0	-0.45950875	-0.17060952	0.21027327	-0.039027113	-3.1487024	0.0035312427	-0.14879179	0.09607612	-0.2531279	-0.3171312	-0.30888352	-0.2593636	0.0	0.0	MARKER_0396
0.0	-1.0509262	-0.05601863	0.3042764	-0.07397799	-0.70300204	-0.17878206	0.104738556	-0.041697826	-0.1968282	-0.288063	-0.25463673	-0.32090053	0.0	0.0	MARKER_0397
0.0	-0.27682507	0.5143572	-0.3289315	0.46809256	0.80253685	0.46339807	0.057731297	0.21833819	0.07660716	-0.19487363	-0.09469099	-0.10053574	0.0	0.0	MARKER_0398
0.0	-0.6627886	-0.2624573	0.22734714	-0.045089807	-2.9341848	-0.07154584	-0.051716056	-0.18023176	-0.26948422	-0.24901955	-0.2666895	-0.2038693	0.0	0.0	MARKER_0399
0.0	0.4306785	-0.1017788	0.508513	-0.056922596	0.59998095	0.05884991	0.0006507922	-0.1349766	0.29558727	-0.19131407	-0.043004576	-0.17881337	0.0	0.0	MARKER_0400
0.0	-0.6420808	-0.21196131	0.3652328	-0.047637507	-3.0824487	-0.029058442	-0.09884202	-0.2034839	0.15380113	-0.30001915	-0.28253296	-0.25419733	0.0	0.0	MARKER_0401
0.0	-0.78386414	0.055648	-0.37846884	-0.097250536	-2.4444928	0.31384218	-0.04857933	-0.13366623	-0.17708355	-0.4218291	-0.23482557	-0.20132914	0.0	0.0	MARKER_0402
0.0	-0.02443082	-0.2683164	-0.2486075	-0.08955234	-3.2577386	-0.07830809	-0.018970054	0.33005244	0.017504638	-0.3395087	-0.13636148	-0.19515945	0.0	0.0	MARKER_0403
0.0	0.35559082	-0.15583158	-0.64832306	-0.25243482	0.5857068	-0.25599796	-0.11301855	-0.24441713	0.022913974	-0.29025784	-0.10557321	-0.09887975	0.0	0.0	MARKER_0404
0.0	0.43371794	0.33119223	0.29199234	0.23957384	0.63339645	0.001873213	0.20775172	-0.10972064	-0.010828162	-0.13532555	-0.15642129	-0.21157995	0.0	0.0	MARKER_0405
0.0	-0.58354914	-0.09707709	0.36025807	0.19895086	-0.38259026	-0.088346496	0.09805839	-0.02625266	-0.26121384	-0.23281841	-0.18898803	-0.34445795	0.0	0.0	MARKER_0406
0.0	-0.9058737	-0.6356842	-0.8098249	-0.32815525	0.35575643	0.1595311	-0.022359153	-0.1292982	-0.3376403	-0.35895303	-0.08722201	-0.1413266	0.0	0.0	MARKER_0407
0.0	0.2192299	0.036937043	0.08586554	-0.92235774	0.16072431	-0.24118291	-0.16745913	-0.18281715	0.14174484	-0.2818472	-0.1304168	-0.21145889	0.0	0.0	MARKER_0408
0.0	-0.5711071	-0.15864098	0.29396015	-0.07111145	-2.5975668	-0.04863618	-0.0002538708	-0.17904125	0.1221672	-0.369847	-0.22208555	-0.25102007	0.0	0.0	MARKER_0409
0.0	-0.62431455	-0.16850565	-0.10366434	-0.0657823	-2.9272478	-0.16041085	-0.0284128	0.19208963	-0.3453708	-0.26698837	-0.31277043	-0.21424586	0.0	0.0	MARKER_0410
0.0	-0.4413514	0.014705537	-0.112349495	-0.73225963	0.31939906	-0.28024665	-0.17715696	-0.3947437	-0.15871036	-0.22754711	-0.089739546	-0.26584423	0.0	0.0	MARKER_0411
0.0	-0.32539222	0.14898872	-0.03492722	0.045275595	0.69488174	0.012197683	-0.17307563	-0.28273845	0.13593209	-0.324932	-0.13196628	-0.24495366	0.0	0.0	MARKER_0412
0.0	0.5861161	-0.17486823	0.109200306	-0.043611243	0.39992365	-0.5023098	-0.11718479	-0.27569816	0.036904264	-0.22527969	-0.1272513	-0.16150025	0.0	0.0	MARKER_0413
0.0	0.6194097	0.32613286	0.17096132	0.19859633	0.5278974	-0.3306685	-0.052260872	-0.19472016	0.05006683	-0.14770496	-0.15928808	-0.19871134	0.0	0.0	MARKER_0414
0.0	0.2788192	-0.120359965	-0.17774254	-1.0217423	0.36091202	-0.003443418	0.010841193	0.15360951	-0.11436663	-0.25446108	-0.10192402	-0.19230564	0.0	0.0	MARKER_0415
